-- phpMyAdmin SQL Dump
-- version 3.4.5
-- http://www.phpmyadmin.net
--
-- Servidor: localhost
-- Tiempo de generación: 04-07-2017 a las 22:40:19
-- Versión del servidor: 5.5.16
-- Versión de PHP: 5.3.8

SET SQL_MODE="NO_AUTO_VALUE_ON_ZERO";
SET time_zone = "+00:00";


/*!40101 SET @OLD_CHARACTER_SET_CLIENT=@@CHARACTER_SET_CLIENT */;
/*!40101 SET @OLD_CHARACTER_SET_RESULTS=@@CHARACTER_SET_RESULTS */;
/*!40101 SET @OLD_COLLATION_CONNECTION=@@COLLATION_CONNECTION */;
/*!40101 SET NAMES utf8 */;

--
-- Base de datos: `cars_dwh`
--

-- --------------------------------------------------------

--
-- Estructura de tabla para la tabla `dim_carro`
--

CREATE TABLE IF NOT EXISTS `dim_carro` (
  `carro_key` bigint(20) NOT NULL,
  `id_carro` int(11) DEFAULT NULL,
  `marca` varchar(100) DEFAULT NULL,
  `modelo` varchar(100) DEFAULT NULL,
  `color` varchar(50) DEFAULT NULL,
  `anio` int(11) DEFAULT NULL,
  `precio_compra` int(11) DEFAULT NULL,
  `precio_venta` int(11) DEFAULT NULL,
  `version` int(11) DEFAULT NULL,
  `desde` date DEFAULT NULL,
  `hasta` date DEFAULT NULL,
  PRIMARY KEY (`carro_key`),
  KEY `id_carro` (`id_carro`)
) ENGINE=InnoDB DEFAULT CHARSET=latin1;

--
-- Volcado de datos para la tabla `dim_carro`
--

INSERT INTO `dim_carro` (`carro_key`, `id_carro`, `marca`, `modelo`, `color`, `anio`, `precio_compra`, `precio_venta`, `version`, `desde`, `hasta`) VALUES
(0, NULL, NULL, NULL, NULL, NULL, NULL, NULL, 1, NULL, NULL),
(1, 1, 'Totoyota', 'T-100', 'Azul', 2016, 12330, 9000001, 1, '1900-01-01', '2199-12-31'),
(2, 2, 'Nissan', 'Porche', 'Rojo', 2011, 2320202, 9000002, 1, '1900-01-01', '2199-12-31'),
(3, 3, 'Mitsubishi', 'San Diego', 'Negro', 2009, 2132323, 9000003, 1, '1900-01-01', '2199-12-31'),
(4, 4, 'Mazda', 'I-100', 'Azul', 2012, 2312321, 9000004, 1, '1900-01-01', '2199-12-31'),
(5, 5, 'Ford', 'XA', 'Morado', 2011, 232223, 9000005, 1, '1900-01-01', '2199-12-31'),
(6, 6, 'Chevrolet', 'Za', 'Plata', 2015, 435345321, 9000006, 1, '1900-01-01', '2199-12-31'),
(7, 7, 'Susuki', 'h-io', 'Blanco', 2013, 2342343, 9000007, 1, '1900-01-01', '2199-12-31'),
(8, 8, 'Totoyota', 'L-G', 'Dorado', 2010, 435345234, 9000008, 1, '1900-01-01', '2199-12-31'),
(9, 9, 'Nissan', 'Stand-Ford', 'Morado', 2016, 234324234, 9000009, 1, '1900-01-01', '2199-12-31'),
(10, 10, 'Mitsubishi', '200-x', 'Plata', 2011, 3234242, 9000010, 1, '1900-01-01', '2199-12-31'),
(11, 11, 'Mazda', 'T-100', 'Blanco', 2009, 234234, 9000011, 1, '1900-01-01', '2199-12-31'),
(12, 12, 'Ford', 'Porche', 'Dorado', 2012, 32423, 9000012, 1, '1900-01-01', '2199-12-31'),
(13, 13, 'Chevrolet', 'San Diego', 'Rojo', 2011, 32423, 9000013, 1, '1900-01-01', '2199-12-31'),
(14, 14, 'Susuki', 'I-100', 'Negro', 2015, 23423, 9000014, 1, '1900-01-01', '2199-12-31'),
(15, 15, 'Totoyota', 'XA', 'Azul', 2013, 423423, 9000015, 1, '1900-01-01', '2199-12-31'),
(16, 16, 'Nissan', 'Za', 'Morado', 2010, 3424234, 9000016, 1, '1900-01-01', '2199-12-31'),
(17, 17, 'Mitsubishi', 'h-io', 'Plata', 2016, 234324, 9000017, 1, '1900-01-01', '2199-12-31'),
(18, 18, 'Mazda', 'L-G', 'Azul', 2011, 32423, 9000018, 1, '1900-01-01', '2199-12-31'),
(19, 19, 'Ford', 'Stand-Ford', 'Rojo', 2009, 3424234, 9000019, 1, '1900-01-01', '2199-12-31'),
(20, 20, 'Chevrolet', '200-x', 'Negro', 2012, 1232323, 9000020, 1, '1900-01-01', '2199-12-31'),
(21, 21, 'Susuki', 'T-100', 'Azul', 2011, 12321321, 9000021, 1, '1900-01-01', '2199-12-31'),
(22, 22, 'Totoyota', 'Porche', 'Morado', 2015, 213123, 9000022, 1, '1900-01-01', '2199-12-31'),
(23, 23, 'Nissan', 'San Diego', 'Plata', 2013, 1000001, 9000023, 1, '1900-01-01', '2199-12-31'),
(24, 24, 'Mitsubishi', 'I-100', 'Blanco', 2010, 1000002, 9000024, 1, '1900-01-01', '2199-12-31'),
(25, 25, 'Mazda', 'XA', 'Dorado', 2016, 1000003, 9000025, 1, '1900-01-01', '2199-12-31'),
(26, 26, 'Ford', 'Za', 'Morado', 2011, 1000004, 9000026, 1, '1900-01-01', '2199-12-31'),
(27, 27, 'Chevrolet', 'h-io', 'Plata', 2009, 1000005, 9000027, 1, '1900-01-01', '2199-12-31'),
(28, 28, 'Susuki', 'L-G', 'Blanco', 2012, 1000006, 9000028, 1, '1900-01-01', '2199-12-31'),
(29, 29, 'Totoyota', 'Stand-Ford', 'Dorado', 2011, 1000007, 9000029, 1, '1900-01-01', '2199-12-31'),
(30, 30, 'Nissan', '200-x', 'Rojo', 2015, 1000008, 9000030, 1, '1900-01-01', '2199-12-31'),
(31, 31, 'Mitsubishi', 'T-100', 'Negro', 2013, 1000009, 9000031, 1, '1900-01-01', '2199-12-31'),
(32, 32, 'Mazda', 'Porche', 'Azul', 2010, 1000010, 9000032, 1, '1900-01-01', '2199-12-31'),
(33, 33, 'Ford', 'San Diego', 'Morado', 2016, 1000011, 9000033, 1, '1900-01-01', '2199-12-31'),
(34, 34, 'Chevrolet', 'I-100', 'Plata', 2011, 1000012, 9000034, 1, '1900-01-01', '2199-12-31'),
(35, 35, 'Susuki', 'XA', 'Azul', 2009, 1000013, 9000035, 1, '1900-01-01', '2199-12-31'),
(36, 36, 'Totoyota', 'Za', 'Rojo', 2012, 1000014, 9000036, 1, '1900-01-01', '2199-12-31'),
(37, 37, 'Nissan', 'h-io', 'Negro', 2011, 1000015, 9000037, 1, '1900-01-01', '2199-12-31'),
(38, 38, 'Mitsubishi', 'L-G', 'Azul', 2015, 1000016, 9000038, 1, '1900-01-01', '2199-12-31'),
(39, 39, 'Mazda', 'Stand-Ford', 'Morado', 2013, 1000017, 9000039, 1, '1900-01-01', '2199-12-31'),
(40, 40, 'Ford', '200-x', 'Plata', 2010, 1000018, 9000040, 1, '1900-01-01', '2199-12-31'),
(41, 41, 'Chevrolet', 'T-100', 'Blanco', 2016, 1000019, 9000041, 1, '1900-01-01', '2199-12-31'),
(42, 42, 'Susuki', 'Porche', 'Dorado', 2016, 1000020, 9000042, 1, '1900-01-01', '2199-12-31'),
(43, 43, 'Totoyota', 'San Diego', 'Morado', 2011, 1000021, 9000043, 1, '1900-01-01', '2199-12-31'),
(44, 44, 'Nissan', 'I-100', 'Plata', 2009, 1000022, 9000044, 1, '1900-01-01', '2199-12-31'),
(45, 45, 'Mitsubishi', 'XA', 'Blanco', 2012, 1000023, 9000045, 1, '1900-01-01', '2199-12-31'),
(46, 46, 'Mazda', 'Za', 'Dorado', 2011, 1000024, 9000046, 1, '1900-01-01', '2199-12-31'),
(47, 47, 'Ford', 'h-io', 'Rojo', 2015, 1000025, 9000047, 1, '1900-01-01', '2199-12-31'),
(48, 48, 'Chevrolet', 'L-G', 'Negro', 2013, 1000026, 9000048, 1, '1900-01-01', '2199-12-31'),
(49, 49, 'Susuki', 'Stand-Ford', 'Azul', 2010, 1000027, 9000049, 1, '1900-01-01', '2199-12-31'),
(50, 50, 'Totoyota', '200-x', 'Morado', 2016, 1000028, 9000050, 1, '1900-01-01', '2199-12-31'),
(51, 51, 'Nissan', 'T-100', 'Plata', 2011, 1000029, 9000051, 1, '1900-01-01', '2199-12-31'),
(52, 52, 'Mitsubishi', 'Porche', 'Azul', 2009, 1000030, 9000052, 1, '1900-01-01', '2199-12-31'),
(53, 53, 'Mazda', 'San Diego', 'Rojo', 2012, 1000031, 9000053, 1, '1900-01-01', '2199-12-31'),
(54, 54, 'Ford', 'I-100', 'Negro', 2011, 1000032, 9000054, 1, '1900-01-01', '2199-12-31'),
(55, 55, 'Chevrolet', 'XA', 'Azul', 2015, 1000033, 9000055, 1, '1900-01-01', '2199-12-31'),
(56, 56, 'Susuki', 'Za', 'Morado', 2013, 1000034, 9000056, 1, '1900-01-01', '2199-12-31'),
(57, 57, 'Totoyota', 'h-io', 'Plata', 2010, 1000035, 9000057, 1, '1900-01-01', '2199-12-31'),
(58, 58, 'Nissan', 'L-G', 'Blanco', 2016, 1000036, 9000058, 1, '1900-01-01', '2199-12-31'),
(59, 59, 'Mitsubishi', 'Stand-Ford', 'Dorado', 2011, 1000037, 9000059, 1, '1900-01-01', '2199-12-31'),
(60, 60, 'Mazda', '200-x', 'Morado', 2009, 1000038, 9000060, 1, '1900-01-01', '2199-12-31'),
(61, 61, 'Ford', 'T-100', 'Plata', 2012, 1000039, 9000061, 1, '1900-01-01', '2199-12-31'),
(62, 62, 'Chevrolet', 'Porche', 'Blanco', 2011, 1000040, 9000062, 1, '1900-01-01', '2199-12-31'),
(63, 63, 'Susuki', 'San Diego', 'Dorado', 2015, 1000041, 9000063, 1, '1900-01-01', '2199-12-31'),
(64, 64, 'Susuki', 'I-100', 'Rojo', 2013, 1000042, 9000064, 1, '1900-01-01', '2199-12-31'),
(65, 65, 'Totoyota', 'XA', 'Negro', 2010, 1000043, 9000065, 1, '1900-01-01', '2199-12-31'),
(66, 66, 'Nissan', 'Za', 'Azul', 2016, 1000044, 9000066, 1, '1900-01-01', '2199-12-31'),
(67, 67, 'Mitsubishi', 'h-io', 'Morado', 2011, 1000045, 9000067, 1, '1900-01-01', '2199-12-31'),
(68, 68, 'Mazda', 'L-G', 'Plata', 2009, 1000046, 9000068, 1, '1900-01-01', '2199-12-31'),
(69, 69, 'Ford', 'Stand-Ford', 'Azul', 2012, 1000047, 9000069, 1, '1900-01-01', '2199-12-31'),
(70, 70, 'Chevrolet', '200-x', 'Rojo', 2011, 1000048, 9000070, 1, '1900-01-01', '2199-12-31'),
(71, 71, 'Susuki', 'T-100', 'Negro', 2015, 1000049, 9000071, 1, '1900-01-01', '2199-12-31'),
(72, 72, 'Totoyota', 'Porche', 'Azul', 2013, 1000050, 9000072, 1, '1900-01-01', '2199-12-31'),
(73, 73, 'Nissan', 'San Diego', 'Morado', 2010, 1000051, 9000073, 1, '1900-01-01', '2199-12-31'),
(74, 74, 'Mitsubishi', 'I-100', 'Plata', 2016, 1000052, 9000074, 1, '1900-01-01', '2199-12-31'),
(75, 75, 'Mazda', 'XA', 'Blanco', 2011, 1000053, 9000075, 1, '1900-01-01', '2199-12-31'),
(76, 76, 'Ford', 'Za', 'Dorado', 2009, 1000054, 9000076, 1, '1900-01-01', '2199-12-31'),
(77, 77, 'Chevrolet', 'h-io', 'Morado', 2012, 1000055, 9000077, 1, '1900-01-01', '2199-12-31'),
(78, 78, 'Susuki', 'L-G', 'Plata', 2011, 1000056, 9000078, 1, '1900-01-01', '2199-12-31'),
(79, 79, 'Totoyota', 'Stand-Ford', 'Blanco', 2015, 1000057, 9000079, 1, '1900-01-01', '2199-12-31'),
(80, 80, 'Nissan', '200-x', 'Dorado', 2013, 1000058, 9000080, 1, '1900-01-01', '2199-12-31'),
(81, 81, 'Mitsubishi', 'T-100', 'Rojo', 2010, 1000059, 9000081, 1, '1900-01-01', '2199-12-31'),
(82, 82, 'Mazda', 'Porche', 'Negro', 2016, 1000060, 9000082, 1, '1900-01-01', '2199-12-31'),
(83, 83, 'Ford', 'San Diego', 'Azul', 2016, 1000061, 9000083, 1, '1900-01-01', '2199-12-31'),
(84, 84, 'Chevrolet', 'I-100', 'Morado', 2011, 1000062, 9000084, 1, '1900-01-01', '2199-12-31'),
(85, 85, 'Susuki', 'XA', 'Plata', 2009, 1000063, 9000085, 1, '1900-01-01', '2199-12-31'),
(86, 86, 'Chevrolet', 'Za', 'Azul', 2012, 1000064, 9000086, 1, '1900-01-01', '2199-12-31'),
(87, 87, 'Susuki', 'h-io', 'Rojo', 2011, 1000065, 9000087, 1, '1900-01-01', '2199-12-31'),
(88, 88, 'Totoyota', 'L-G', 'Negro', 2015, 1000066, 9000088, 1, '1900-01-01', '2199-12-31'),
(89, 89, 'Nissan', 'Stand-Ford', 'Azul', 2013, 1000067, 9000089, 1, '1900-01-01', '2199-12-31'),
(90, 90, 'Mitsubishi', '200-x', 'Morado', 2010, 1000068, 9000090, 1, '1900-01-01', '2199-12-31'),
(91, 91, 'Mazda', 'T-100', 'Plata', 2016, 1000069, 9000091, 1, '1900-01-01', '2199-12-31'),
(92, 92, 'Ford', 'Porche', 'Blanco', 2011, 1000070, 9000092, 1, '1900-01-01', '2199-12-31'),
(93, 93, 'Chevrolet', 'San Diego', 'Dorado', 2009, 1000071, 9000093, 1, '1900-01-01', '2199-12-31'),
(94, 94, 'Susuki', 'I-100', 'Morado', 2012, 1000072, 9000094, 1, '1900-01-01', '2199-12-31'),
(95, 95, 'Totoyota', 'XA', 'Plata', 2011, 1000073, 9000095, 1, '1900-01-01', '2199-12-31'),
(96, 96, 'Nissan', 'Za', 'Blanco', 2015, 1000074, 9000096, 1, '1900-01-01', '2199-12-31'),
(97, 97, 'Mitsubishi', 'h-io', 'Dorado', 2013, 1000075, 9000097, 1, '1900-01-01', '2199-12-31'),
(98, 98, 'Mazda', 'L-G', 'Rojo', 2010, 1000076, 9000098, 1, '1900-01-01', '2199-12-31'),
(99, 99, 'Ford', 'Stand-Ford', 'Negro', 2016, 1000077, 9000099, 1, '1900-01-01', '2199-12-31'),
(100, 100, 'Chevrolet', '200-x', 'Azul', 2011, 1000078, 9000100, 1, '1900-01-01', '2199-12-31'),
(101, 101, 'Susuki', 'T-100', 'Morado', 2009, 1000079, 9000101, 1, '1900-01-01', '2199-12-31'),
(102, 102, 'Totoyota', 'Porche', 'Plata', 2012, 1000080, 9000102, 1, '1900-01-01', '2199-12-31'),
(103, 103, 'Nissan', 'San Diego', 'Azul', 2011, 1000081, 9000103, 1, '1900-01-01', '2199-12-31'),
(104, 104, 'Mitsubishi', 'I-100', 'Rojo', 2015, 1000082, 9000104, 1, '1900-01-01', '2199-12-31'),
(105, 105, 'Mazda', 'XA', 'Negro', 2013, 1000083, 9000105, 1, '1900-01-01', '2199-12-31'),
(106, 106, 'Ford', 'Za', 'Azul', 2010, 1000084, 9000106, 1, '1900-01-01', '2199-12-31'),
(107, 107, 'Chevrolet', 'h-io', 'Morado', 2016, 1000085, 9000107, 1, '1900-01-01', '2199-12-31'),
(108, 108, 'Susuki', 'L-G', 'Plata', 2011, 1000086, 9000108, 1, '1900-01-01', '2199-12-31'),
(109, 109, 'Totoyota', 'Stand-Ford', 'Blanco', 2009, 1000087, 9000109, 1, '1900-01-01', '2199-12-31'),
(110, 110, 'Nissan', '200-x', 'Dorado', 2012, 1000088, 9000110, 1, '1900-01-01', '2199-12-31'),
(111, 111, 'Mitsubishi', 'T-100', 'Morado', 2011, 1000089, 9000111, 1, '1900-01-01', '2199-12-31'),
(112, 112, 'Mazda', 'Porche', 'Plata', 2015, 1000090, 9000112, 1, '1900-01-01', '2199-12-31'),
(113, 113, 'Ford', 'San Diego', 'Blanco', 2013, 1000091, 9000113, 1, '1900-01-01', '2199-12-31'),
(114, 114, 'Chevrolet', 'I-100', 'Dorado', 2010, 1000092, 9000114, 1, '1900-01-01', '2199-12-31'),
(115, 115, 'Susuki', 'XA', 'Rojo', 2016, 1000093, 9000115, 1, '1900-01-01', '2199-12-31'),
(116, 116, 'Totoyota', 'Za', 'Negro', 2011, 1000094, 9000116, 1, '1900-01-01', '2199-12-31'),
(117, 117, 'Nissan', 'h-io', 'Azul', 2009, 1000095, 9000117, 1, '1900-01-01', '2199-12-31'),
(118, 118, 'Mitsubishi', 'L-G', 'Morado', 2012, 1000096, 9000118, 1, '1900-01-01', '2199-12-31'),
(119, 119, 'Mazda', 'Stand-Ford', 'Plata', 2011, 1000097, 9000119, 1, '1900-01-01', '2199-12-31'),
(120, 120, 'Ford', '200-x', 'Azul', 2015, 1000098, 9000120, 1, '1900-01-01', '2199-12-31'),
(121, 121, 'Chevrolet', 'T-100', 'Rojo', 2013, 1000099, 9000121, 1, '1900-01-01', '2199-12-31'),
(122, 122, 'Susuki', 'Porche', 'Negro', 2010, 1000100, 9000122, 1, '1900-01-01', '2199-12-31'),
(123, 123, 'Totoyota', 'San Diego', 'Azul', 2016, 1000101, 9000123, 1, '1900-01-01', '2199-12-31'),
(124, 124, 'Nissan', 'I-100', 'Morado', 2016, 1000102, 9000124, 1, '1900-01-01', '2199-12-31'),
(125, 125, 'Mitsubishi', 'XA', 'Plata', 2011, 1000103, 9000125, 1, '1900-01-01', '2199-12-31'),
(126, 126, 'Mazda', 'Za', 'Blanco', 2009, 1000104, 9000126, 1, '1900-01-01', '2199-12-31'),
(127, 127, 'Ford', 'h-io', 'Dorado', 2012, 1000105, 9000127, 1, '1900-01-01', '2199-12-31'),
(128, 128, 'Chevrolet', 'L-G', 'Morado', 2011, 1000106, 9000128, 1, '1900-01-01', '2199-12-31'),
(129, 129, 'Susuki', 'Stand-Ford', 'Plata', 2015, 1000107, 9000129, 1, '1900-01-01', '2199-12-31'),
(130, 130, 'Totoyota', '200-x', 'Blanco', 2013, 1000108, 9000130, 1, '1900-01-01', '2199-12-31'),
(131, 131, 'Nissan', 'T-100', 'Dorado', 2010, 1000109, 9000131, 1, '1900-01-01', '2199-12-31'),
(132, 132, 'Mitsubishi', 'Porche', 'Rojo', 2016, 1000110, 9000132, 1, '1900-01-01', '2199-12-31'),
(133, 133, 'Mazda', 'San Diego', 'Negro', 2011, 1000111, 9000133, 1, '1900-01-01', '2199-12-31'),
(134, 134, 'Ford', 'I-100', 'Azul', 2009, 1000112, 9000134, 1, '1900-01-01', '2199-12-31'),
(135, 135, 'Chevrolet', 'XA', 'Morado', 2012, 1000113, 9000135, 1, '1900-01-01', '2199-12-31'),
(136, 136, 'Susuki', 'Za', 'Plata', 2011, 1000114, 9000136, 1, '1900-01-01', '2199-12-31'),
(137, 137, 'Totoyota', 'h-io', 'Azul', 2015, 1000115, 9000137, 1, '1900-01-01', '2199-12-31'),
(138, 138, 'Nissan', 'L-G', 'Rojo', 2013, 1000116, 9000138, 1, '1900-01-01', '2199-12-31'),
(139, 139, 'Mitsubishi', 'Stand-Ford', 'Negro', 2010, 1000117, 9000139, 1, '1900-01-01', '2199-12-31'),
(140, 140, 'Mazda', '200-x', 'Azul', 2016, 1000118, 9000140, 1, '1900-01-01', '2199-12-31'),
(141, 141, 'Ford', 'T-100', 'Morado', 2011, 1000119, 9000141, 1, '1900-01-01', '2199-12-31'),
(142, 142, 'Chevrolet', 'Porche', 'Plata', 2009, 1000120, 9000142, 1, '1900-01-01', '2199-12-31'),
(143, 143, 'Susuki', 'San Diego', 'Blanco', 2012, 1000121, 9000143, 1, '1900-01-01', '2199-12-31'),
(144, 144, 'Totoyota', 'I-100', 'Dorado', 2011, 1000122, 9000144, 1, '1900-01-01', '2199-12-31'),
(145, 145, 'Nissan', 'XA', 'Morado', 2015, 1000123, 9000145, 1, '1900-01-01', '2199-12-31'),
(146, 146, 'Mitsubishi', 'Za', 'Plata', 2013, 1000124, 9000146, 1, '1900-01-01', '2199-12-31'),
(147, 147, 'Mazda', 'h-io', 'Blanco', 2010, 1000125, 9000147, 1, '1900-01-01', '2199-12-31'),
(148, 148, 'Ford', 'L-G', 'Dorado', 2016, 1000126, 9000148, 1, '1900-01-01', '2199-12-31'),
(149, 149, 'Chevrolet', 'Stand-Ford', 'Rojo', 2011, 1000127, 9000149, 1, '1900-01-01', '2199-12-31'),
(150, 150, 'Susuki', '200-x', 'Negro', 2009, 1000128, 9000150, 1, '1900-01-01', '2199-12-31'),
(151, 151, 'Susuki', 'T-100', 'Azul', 2012, 1000129, 9000151, 1, '1900-01-01', '2199-12-31'),
(152, 152, 'Totoyota', 'Porche', 'Morado', 2011, 1000130, 9000152, 1, '1900-01-01', '2199-12-31'),
(153, 153, 'Nissan', 'San Diego', 'Plata', 2015, 1000131, 9000153, 1, '1900-01-01', '2199-12-31'),
(154, 154, 'Mitsubishi', 'I-100', 'Azul', 2013, 1000132, 9000154, 1, '1900-01-01', '2199-12-31'),
(155, 155, 'Mazda', 'XA', 'Rojo', 2010, 1000133, 9000155, 1, '1900-01-01', '2199-12-31'),
(156, 156, 'Ford', 'Za', 'Negro', 2016, 1000134, 9000156, 1, '1900-01-01', '2199-12-31'),
(157, 157, 'Chevrolet', 'h-io', 'Azul', 2011, 1000135, 9000157, 1, '1900-01-01', '2199-12-31'),
(158, 158, 'Susuki', 'L-G', 'Morado', 2009, 1000136, 9000158, 1, '1900-01-01', '2199-12-31'),
(159, 159, 'Totoyota', 'Stand-Ford', 'Plata', 2012, 1000137, 9000159, 1, '1900-01-01', '2199-12-31'),
(160, 160, 'Nissan', '200-x', 'Blanco', 2011, 1000138, 9000160, 1, '1900-01-01', '2199-12-31'),
(161, 161, 'Mitsubishi', 'T-100', 'Dorado', 2015, 1000139, 9000161, 1, '1900-01-01', '2199-12-31'),
(162, 162, 'Mazda', 'Porche', 'Morado', 2013, 1000140, 9000162, 1, '1900-01-01', '2199-12-31'),
(163, 163, 'Ford', 'San Diego', 'Plata', 2010, 1000141, 9000163, 1, '1900-01-01', '2199-12-31'),
(164, 164, 'Chevrolet', 'I-100', 'Blanco', 2016, 1000142, 9000164, 1, '1900-01-01', '2199-12-31'),
(165, 165, 'Susuki', 'XA', 'Dorado', 2016, 1000143, 9000165, 1, '1900-01-01', '2199-12-31'),
(166, 166, 'Totoyota', 'Za', 'Rojo', 2011, 1000144, 9000166, 1, '1900-01-01', '2199-12-31'),
(167, 167, 'Nissan', 'h-io', 'Negro', 2009, 1000145, 9000167, 1, '1900-01-01', '2199-12-31'),
(168, 168, 'Mitsubishi', 'L-G', 'Azul', 2012, 1000146, 9000168, 1, '1900-01-01', '2199-12-31'),
(169, 169, 'Mazda', 'Stand-Ford', 'Morado', 2011, 1000147, 9000169, 1, '1900-01-01', '2199-12-31'),
(170, 170, 'Ford', '200-x', 'Plata', 2015, 1000148, 9000170, 1, '1900-01-01', '2199-12-31'),
(171, 171, 'Chevrolet', 'T-100', 'Azul', 2013, 1000149, 9000171, 1, '1900-01-01', '2199-12-31'),
(172, 172, 'Susuki', 'Porche', 'Rojo', 2010, 1000150, 9000172, 1, '1900-01-01', '2199-12-31'),
(173, 173, 'Chevrolet', 'San Diego', 'Negro', 2016, 1000151, 9000173, 1, '1900-01-01', '2199-12-31'),
(174, 174, 'Susuki', 'I-100', 'Azul', 2011, 1000152, 9000174, 1, '1900-01-01', '2199-12-31'),
(175, 175, 'Totoyota', 'XA', 'Morado', 2009, 1000153, 9000175, 1, '1900-01-01', '2199-12-31'),
(176, 176, 'Nissan', 'Za', 'Plata', 2012, 1000154, 9000176, 1, '1900-01-01', '2199-12-31'),
(177, 177, 'Mitsubishi', 'h-io', 'Blanco', 2011, 1000155, 9000177, 1, '1900-01-01', '2199-12-31'),
(178, 178, 'Mazda', 'L-G', 'Dorado', 2015, 1000156, 9000178, 1, '1900-01-01', '2199-12-31'),
(179, 179, 'Ford', 'Stand-Ford', 'Morado', 2013, 1000157, 9000179, 1, '1900-01-01', '2199-12-31'),
(180, 180, 'Chevrolet', '200-x', 'Plata', 2010, 1000158, 9000180, 1, '1900-01-01', '2199-12-31'),
(181, 181, 'Susuki', 'T-100', 'Blanco', 2016, 1000159, 9000181, 1, '1900-01-01', '2199-12-31'),
(182, 182, 'Totoyota', 'Porche', 'Dorado', 2011, 1000160, 9000182, 1, '1900-01-01', '2199-12-31'),
(183, 183, 'Nissan', 'San Diego', 'Rojo', 2009, 1000161, 9000183, 1, '1900-01-01', '2199-12-31'),
(184, 184, 'Mitsubishi', 'I-100', 'Negro', 2012, 1000162, 9000184, 1, '1900-01-01', '2199-12-31'),
(185, 185, 'Mazda', 'XA', 'Azul', 2011, 1000163, 9000185, 1, '1900-01-01', '2199-12-31'),
(186, 186, 'Ford', 'Za', 'Morado', 2015, 1000164, 9000186, 1, '1900-01-01', '2199-12-31'),
(187, 187, 'Chevrolet', 'h-io', 'Plata', 2013, 1000165, 9000187, 1, '1900-01-01', '2199-12-31'),
(188, 188, 'Susuki', 'L-G', 'Azul', 2010, 1000166, 9000188, 1, '1900-01-01', '2199-12-31'),
(189, 189, 'Totoyota', 'Stand-Ford', 'Rojo', 2016, 1000167, 9000189, 1, '1900-01-01', '2199-12-31'),
(190, 190, 'Nissan', '200-x', 'Negro', 2011, 1000168, 9000190, 1, '1900-01-01', '2199-12-31'),
(191, 191, 'Mitsubishi', 'T-100', 'Azul', 2009, 1000169, 9000191, 1, '1900-01-01', '2199-12-31'),
(192, 192, 'Mazda', 'Porche', 'Morado', 2012, 1000170, 9000192, 1, '1900-01-01', '2199-12-31'),
(193, 193, 'Ford', 'San Diego', 'Plata', 2011, 1000171, 9000193, 1, '1900-01-01', '2199-12-31'),
(194, 194, 'Chevrolet', 'I-100', 'Blanco', 2015, 1000172, 9000194, 1, '1900-01-01', '2199-12-31'),
(195, 195, 'Susuki', 'XA', 'Dorado', 2013, 1000173, 9000195, 1, '1900-01-01', '2199-12-31'),
(196, 196, 'Totoyota', 'Za', 'Morado', 2010, 1000174, 9000196, 1, '1900-01-01', '2199-12-31'),
(197, 197, 'Nissan', 'h-io', 'Plata', 2016, 1000175, 9000197, 1, '1900-01-01', '2199-12-31'),
(198, 198, 'Mitsubishi', 'L-G', 'Blanco', 2011, 1000176, 9000198, 1, '1900-01-01', '2199-12-31'),
(199, 199, 'Mazda', 'Stand-Ford', 'Dorado', 2009, 1000177, 9000199, 1, '1900-01-01', '2199-12-31'),
(200, 200, 'Ford', '200-x', 'Rojo', 2012, 1000178, 9000200, 1, '1900-01-01', '2199-12-31'),
(201, 201, 'Chevrolet', 'T-100', 'Negro', 2011, 1000179, 9000201, 1, '1900-01-01', '2199-12-31'),
(202, 202, 'Susuki', 'Porche', 'Azul', 2015, 1000180, 9000202, 1, '1900-01-01', '2199-12-31'),
(203, 203, 'Totoyota', 'San Diego', 'Morado', 2013, 1000181, 9000203, 1, '1900-01-01', '2199-12-31'),
(204, 204, 'Nissan', 'I-100', 'Plata', 2010, 1000182, 9000204, 1, '1900-01-01', '2199-12-31'),
(205, 205, 'Mitsubishi', 'XA', 'Azul', 2016, 1000183, 9000205, 1, '1900-01-01', '2199-12-31'),
(206, 206, 'Mazda', 'Za', 'Rojo', 2016, 1000184, 9000206, 1, '1900-01-01', '2199-12-31'),
(207, 207, 'Ford', 'h-io', 'Negro', 2011, 1000185, 9000207, 1, '1900-01-01', '2199-12-31'),
(208, 208, 'Chevrolet', 'L-G', 'Azul', 2009, 1000186, 9000208, 1, '1900-01-01', '2199-12-31'),
(209, 209, 'Susuki', 'Stand-Ford', 'Morado', 2012, 1000187, 9000209, 1, '1900-01-01', '2199-12-31'),
(210, 210, 'Totoyota', '200-x', 'Plata', 2011, 1000188, 9000210, 1, '1900-01-01', '2199-12-31'),
(211, 211, 'Nissan', 'T-100', 'Blanco', 2015, 1000189, 9000211, 1, '1900-01-01', '2199-12-31'),
(212, 212, 'Mitsubishi', 'Porche', 'Dorado', 2013, 1000190, 9000212, 1, '1900-01-01', '2199-12-31'),
(213, 213, 'Mazda', 'San Diego', 'Morado', 2010, 1000191, 9000213, 1, '1900-01-01', '2199-12-31'),
(214, 214, 'Ford', 'I-100', 'Plata', 2016, 1000192, 9000214, 1, '1900-01-01', '2199-12-31'),
(215, 215, 'Chevrolet', 'XA', 'Blanco', 2011, 1000193, 9000215, 1, '1900-01-01', '2199-12-31'),
(216, 216, 'Susuki', 'Za', 'Dorado', 2009, 1000194, 9000216, 1, '1900-01-01', '2199-12-31'),
(217, 217, 'Totoyota', 'h-io', 'Rojo', 2012, 1000195, 9000217, 1, '1900-01-01', '2199-12-31'),
(218, 218, 'Nissan', 'L-G', 'Negro', 2011, 1000196, 9000218, 1, '1900-01-01', '2199-12-31'),
(219, 219, 'Mitsubishi', 'Stand-Ford', 'Azul', 2015, 1000197, 9000219, 1, '1900-01-01', '2199-12-31'),
(220, 220, 'Mazda', '200-x', 'Morado', 2013, 1000198, 9000220, 1, '1900-01-01', '2199-12-31'),
(221, 221, 'Ford', 'T-100', 'Plata', 2010, 1000199, 9000221, 1, '1900-01-01', '2199-12-31'),
(222, 222, 'Chevrolet', 'Porche', 'Azul', 2016, 1000200, 9000222, 1, '1900-01-01', '2199-12-31'),
(223, 223, 'Susuki', 'San Diego', 'Rojo', 2011, 1000201, 9000223, 1, '1900-01-01', '2199-12-31'),
(224, 224, 'Totoyota', 'I-100', 'Negro', 2009, 1000202, 9000224, 1, '1900-01-01', '2199-12-31'),
(225, 225, 'Nissan', 'XA', 'Azul', 2012, 1000203, 9000225, 1, '1900-01-01', '2199-12-31'),
(226, 226, 'Mitsubishi', 'Za', 'Morado', 2011, 1000204, 9000226, 1, '1900-01-01', '2199-12-31'),
(227, 227, 'Mazda', 'h-io', 'Plata', 2015, 1000205, 9000227, 1, '1900-01-01', '2199-12-31'),
(228, 228, 'Ford', 'L-G', 'Blanco', 2013, 1000206, 9000228, 1, '1900-01-01', '2199-12-31'),
(229, 229, 'Chevrolet', 'Stand-Ford', 'Dorado', 2010, 1000207, 9000229, 1, '1900-01-01', '2199-12-31'),
(230, 230, 'Susuki', '200-x', 'Morado', 2016, 1000208, 9000230, 1, '1900-01-01', '2199-12-31'),
(231, 231, 'Totoyota', 'T-100', 'Plata', 2011, 1000209, 9000231, 1, '1900-01-01', '2199-12-31'),
(232, 232, 'Nissan', 'Porche', 'Blanco', 2009, 1000210, 9000232, 1, '1900-01-01', '2199-12-31'),
(233, 233, 'Mitsubishi', 'San Diego', 'Dorado', 2012, 1000211, 9000233, 1, '1900-01-01', '2199-12-31'),
(234, 234, 'Mazda', 'I-100', 'Rojo', 2011, 1000212, 9000234, 1, '1900-01-01', '2199-12-31'),
(235, 235, 'Ford', 'XA', 'Negro', 2015, 1000213, 9000235, 1, '1900-01-01', '2199-12-31'),
(236, 236, 'Chevrolet', 'Za', 'Azul', 2013, 1000214, 9000236, 1, '1900-01-01', '2199-12-31'),
(237, 237, 'Susuki', 'h-io', 'Morado', 2010, 1000215, 9000237, 1, '1900-01-01', '2199-12-31'),
(238, 238, 'Susuki', 'L-G', 'Plata', 2016, 1000216, 9000238, 1, '1900-01-01', '2199-12-31'),
(239, 239, 'Totoyota', 'Stand-Ford', 'Azul', 2011, 1000217, 9000239, 1, '1900-01-01', '2199-12-31'),
(240, 240, 'Nissan', '200-x', 'Rojo', 2009, 1000218, 9000240, 1, '1900-01-01', '2199-12-31'),
(241, 241, 'Mitsubishi', 'T-100', 'Negro', 2012, 1000219, 9000241, 1, '1900-01-01', '2199-12-31'),
(242, 242, 'Mazda', 'Porche', 'Azul', 2011, 1000220, 9000242, 1, '1900-01-01', '2199-12-31'),
(243, 243, 'Ford', 'San Diego', 'Morado', 2015, 1000221, 9000243, 1, '1900-01-01', '2199-12-31'),
(244, 244, 'Chevrolet', 'I-100', 'Plata', 2013, 1000222, 9000244, 1, '1900-01-01', '2199-12-31'),
(245, 245, 'Susuki', 'XA', 'Blanco', 2010, 1000223, 9000245, 1, '1900-01-01', '2199-12-31'),
(246, 246, 'Totoyota', 'Za', 'Dorado', 2016, 1000224, 9000246, 1, '1900-01-01', '2199-12-31'),
(247, 247, 'Nissan', 'h-io', 'Morado', 2016, 1000225, 9000247, 1, '1900-01-01', '2199-12-31'),
(248, 248, 'Mitsubishi', 'L-G', 'Plata', 2011, 1000226, 9000248, 1, '1900-01-01', '2199-12-31'),
(249, 249, 'Mazda', 'Stand-Ford', 'Blanco', 2009, 1000227, 9000249, 1, '1900-01-01', '2199-12-31'),
(250, 250, 'Ford', '200-x', 'Dorado', 2012, 1000228, 9000250, 1, '1900-01-01', '2199-12-31'),
(251, 251, 'Chevrolet', 'T-100', 'Rojo', 2011, 1000229, 9000251, 1, '1900-01-01', '2199-12-31'),
(252, 252, 'Susuki', 'Porche', 'Negro', 2015, 1000230, 9000252, 1, '1900-01-01', '2199-12-31'),
(253, 253, 'Totoyota', 'San Diego', 'Azul', 2013, 1000231, 9000253, 1, '1900-01-01', '2199-12-31'),
(254, 254, 'Nissan', 'I-100', 'Morado', 2010, 1000232, 9000254, 1, '1900-01-01', '2199-12-31'),
(255, 255, 'Mitsubishi', 'XA', 'Plata', 2016, 1000233, 9000255, 1, '1900-01-01', '2199-12-31'),
(256, 256, 'Mazda', 'Za', 'Azul', 2011, 1000234, 9000256, 1, '1900-01-01', '2199-12-31'),
(257, 257, 'Ford', 'h-io', 'Rojo', 2009, 1000235, 9000257, 1, '1900-01-01', '2199-12-31'),
(258, 258, 'Chevrolet', 'L-G', 'Negro', 2012, 1000236, 9000258, 1, '1900-01-01', '2199-12-31'),
(259, 259, 'Susuki', 'Stand-Ford', 'Azul', 2011, 1000237, 9000259, 1, '1900-01-01', '2199-12-31'),
(260, 260, 'Chevrolet', '200-x', 'Morado', 2015, 1000238, 9000260, 1, '1900-01-01', '2199-12-31'),
(261, 261, 'Susuki', 'T-100', 'Plata', 2013, 1000239, 9000261, 1, '1900-01-01', '2199-12-31'),
(262, 262, 'Totoyota', 'Porche', 'Blanco', 2010, 1000240, 9000262, 1, '1900-01-01', '2199-12-31'),
(263, 263, 'Nissan', 'San Diego', 'Dorado', 2016, 1000241, 9000263, 1, '1900-01-01', '2199-12-31'),
(264, 264, 'Mitsubishi', 'I-100', 'Morado', 2011, 1000242, 9000264, 1, '1900-01-01', '2199-12-31'),
(265, 265, 'Mazda', 'XA', 'Plata', 2009, 1000243, 9000265, 1, '1900-01-01', '2199-12-31'),
(266, 266, 'Ford', 'Za', 'Blanco', 2012, 1000244, 9000266, 1, '1900-01-01', '2199-12-31'),
(267, 267, 'Chevrolet', 'h-io', 'Dorado', 2011, 1000245, 9000267, 1, '1900-01-01', '2199-12-31'),
(268, 268, 'Susuki', 'L-G', 'Rojo', 2015, 1000246, 9000268, 1, '1900-01-01', '2199-12-31'),
(269, 269, 'Totoyota', 'Stand-Ford', 'Negro', 2013, 1000247, 9000269, 1, '1900-01-01', '2199-12-31'),
(270, 270, 'Nissan', '200-x', 'Azul', 2010, 1000248, 9000270, 1, '1900-01-01', '2199-12-31'),
(271, 271, 'Mitsubishi', 'T-100', 'Morado', 2016, 1000249, 9000271, 1, '1900-01-01', '2199-12-31'),
(272, 272, 'Mazda', 'Porche', 'Plata', 2011, 1000250, 9000272, 1, '1900-01-01', '2199-12-31'),
(273, 273, 'Ford', 'San Diego', 'Azul', 2009, 1000251, 9000273, 1, '1900-01-01', '2199-12-31'),
(274, 274, 'Chevrolet', 'I-100', 'Rojo', 2012, 1000252, 9000274, 1, '1900-01-01', '2199-12-31'),
(275, 275, 'Susuki', 'XA', 'Negro', 2011, 1000253, 9000275, 1, '1900-01-01', '2199-12-31'),
(276, 276, 'Totoyota', 'Za', 'Azul', 2015, 1000254, 9000276, 1, '1900-01-01', '2199-12-31'),
(277, 277, 'Nissan', 'h-io', 'Morado', 2013, 1000255, 9000277, 1, '1900-01-01', '2199-12-31'),
(278, 278, 'Mitsubishi', 'L-G', 'Plata', 2010, 1000256, 9000278, 1, '1900-01-01', '2199-12-31'),
(279, 279, 'Mazda', 'Stand-Ford', 'Blanco', 2016, 1000257, 9000279, 1, '1900-01-01', '2199-12-31'),
(280, 280, 'Ford', '200-x', 'Dorado', 2011, 1000258, 9000280, 1, '1900-01-01', '2199-12-31'),
(281, 281, 'Chevrolet', 'T-100', 'Morado', 2009, 1000259, 9000281, 1, '1900-01-01', '2199-12-31'),
(282, 282, 'Susuki', 'Porche', 'Plata', 2012, 1000260, 9000282, 1, '1900-01-01', '2199-12-31'),
(283, 283, 'Totoyota', 'San Diego', 'Blanco', 2011, 1000261, 9000283, 1, '1900-01-01', '2199-12-31'),
(284, 284, 'Nissan', 'I-100', 'Dorado', 2015, 1000262, 9000284, 1, '1900-01-01', '2199-12-31'),
(285, 285, 'Mitsubishi', 'XA', 'Rojo', 2013, 1000263, 9000285, 1, '1900-01-01', '2199-12-31'),
(286, 286, 'Mazda', 'Za', 'Negro', 2010, 1000264, 9000286, 1, '1900-01-01', '2199-12-31'),
(287, 287, 'Ford', 'h-io', 'Azul', 2016, 1000265, 9000287, 1, '1900-01-01', '2199-12-31'),
(288, 288, 'Chevrolet', 'L-G', 'Morado', 2016, 1000266, 9000288, 1, '1900-01-01', '2199-12-31'),
(289, 289, 'Susuki', 'Stand-Ford', 'Plata', 2011, 1000267, 9000289, 1, '1900-01-01', '2199-12-31'),
(290, 290, 'Totoyota', '200-x', 'Azul', 2009, 1000268, 9000290, 1, '1900-01-01', '2199-12-31'),
(291, 291, 'Nissan', 'T-100', 'Rojo', 2012, 1000269, 9000291, 1, '1900-01-01', '2199-12-31'),
(292, 292, 'Mitsubishi', 'Porche', 'Negro', 2011, 1000270, 9000292, 1, '1900-01-01', '2199-12-31'),
(293, 293, 'Mazda', 'San Diego', 'Azul', 2015, 1000271, 9000293, 1, '1900-01-01', '2199-12-31'),
(294, 294, 'Ford', 'I-100', 'Morado', 2013, 1000272, 9000294, 1, '1900-01-01', '2199-12-31'),
(295, 295, 'Chevrolet', 'XA', 'Plata', 2010, 1000273, 9000295, 1, '1900-01-01', '2199-12-31'),
(296, 296, 'Susuki', 'Za', 'Blanco', 2016, 1000274, 9000296, 1, '1900-01-01', '2199-12-31'),
(297, 297, 'Totoyota', 'h-io', 'Dorado', 2011, 1000275, 9000297, 1, '1900-01-01', '2199-12-31'),
(298, 298, 'Nissan', 'L-G', 'Morado', 2009, 1000276, 9000298, 1, '1900-01-01', '2199-12-31'),
(299, 299, 'Mitsubishi', 'Stand-Ford', 'Plata', 2012, 1000277, 9000299, 1, '1900-01-01', '2199-12-31'),
(300, 300, 'Mazda', '200-x', 'Blanco', 2011, 1000278, 9000300, 1, '1900-01-01', '2199-12-31');

-- --------------------------------------------------------

--
-- Estructura de tabla para la tabla `dim_cliente`
--

CREATE TABLE IF NOT EXISTS `dim_cliente` (
  `cliente_key` bigint(20) NOT NULL,
  `id_cliente` int(11) DEFAULT NULL,
  `nombre` varchar(100) DEFAULT NULL,
  `apellido` varchar(100) DEFAULT NULL,
  `sexo` varchar(10) DEFAULT NULL,
  `edad` int(11) DEFAULT NULL,
  `dni` int(11) DEFAULT NULL,
  `telefono` int(11) DEFAULT NULL,
  `version` int(11) DEFAULT NULL,
  `desde` date DEFAULT NULL,
  `hasta` date DEFAULT NULL,
  PRIMARY KEY (`cliente_key`),
  KEY `id_cliente` (`id_cliente`)
) ENGINE=InnoDB DEFAULT CHARSET=latin1;

--
-- Volcado de datos para la tabla `dim_cliente`
--

INSERT INTO `dim_cliente` (`cliente_key`, `id_cliente`, `nombre`, `apellido`, `sexo`, `edad`, `dni`, `telefono`, `version`, `desde`, `hasta`) VALUES
(0, NULL, NULL, NULL, NULL, NULL, NULL, NULL, 1, NULL, NULL),
(1, 1, 'Paul', 'Quispe', 'masculino', 21, 76286032, 320001, 1, '1900-01-01', '2199-12-31'),
(2, 2, 'Xochitl', 'Martinez', 'femenino', 19, 70000000, 320002, 1, '1900-01-01', '2199-12-31'),
(3, 3, 'Ger', 'Martinez', 'masculino', 19, 70000001, 320003, 1, '1900-01-01', '2199-12-31'),
(4, 4, 'Yoss', 'Quispe', 'femenino', 15, 70000002, 320004, 1, '1900-01-01', '2199-12-31'),
(5, 5, 'Marienmi', 'Quispe', 'femenino', 24, 70000003, 320005, 1, '1900-01-01', '2199-12-31'),
(6, 6, 'Noemi', 'Quispe', 'femenino', 19, 70000004, 320006, 1, '1900-01-01', '2199-12-31'),
(7, 7, 'Anderson', 'Quispe', 'masculino', 21, 70000005, 320007, 1, '1900-01-01', '2199-12-31'),
(8, 8, 'Pedro', 'Quispe', 'masculino', 35, 70000006, 320008, 1, '1900-01-01', '2199-12-31'),
(9, 9, 'Reyna', 'Valero', 'femenino', 33, 70000007, 320009, 1, '1900-01-01', '2199-12-31'),
(10, 10, 'Jose', 'Martinez', 'masculino', 35, 70000008, 320010, 1, '1900-01-01', '2199-12-31'),
(11, 11, 'Jovita', 'Macedo', 'femenino', 33, 70000009, 320011, 1, '1900-01-01', '2199-12-31'),
(12, 12, 'Pepe', 'Martinez', 'masculino', 20, 70000010, 320012, 1, '1900-01-01', '2199-12-31'),
(13, 13, 'Paul', 'Quispe', 'masculino', 21, 70000011, 320013, 1, '1900-01-01', '2199-12-31'),
(14, 14, 'Xochitl', 'Martinez', 'femenino', 19, 70000012, 320014, 1, '1900-01-01', '2199-12-31'),
(15, 15, 'Ger', 'Martinez', 'masculino', 19, 70000013, 320015, 1, '1900-01-01', '2199-12-31'),
(16, 16, 'Yoss', 'Quispe', 'femenino', 15, 70000014, 320016, 1, '1900-01-01', '2199-12-31'),
(17, 17, 'Marienmi', 'Quispe', 'femenino', 24, 70000015, 320017, 1, '1900-01-01', '2199-12-31'),
(18, 18, 'Noemi', 'Quispe', 'femenino', 19, 70000016, 320018, 1, '1900-01-01', '2199-12-31'),
(19, 19, 'Anderson', 'Quispe', 'masculino', 21, 70000017, 320019, 1, '1900-01-01', '2199-12-31'),
(20, 20, 'Pedro', 'Quispe', 'masculino', 35, 70000018, 320020, 1, '1900-01-01', '2199-12-31'),
(21, 21, 'Reyna', 'Valero', 'femenino', 33, 70000019, 320021, 1, '1900-01-01', '2199-12-31'),
(22, 22, 'Jose', 'Martinez', 'masculino', 35, 70000020, 320022, 1, '1900-01-01', '2199-12-31'),
(23, 23, 'Jovita', 'Macedo', 'femenino', 33, 70000021, 320023, 1, '1900-01-01', '2199-12-31'),
(24, 24, 'Pepe', 'Martinez', 'masculino', 20, 70000022, 320024, 1, '1900-01-01', '2199-12-31'),
(25, 25, 'Paul', 'Quispe', 'masculino', 21, 70000023, 320025, 1, '1900-01-01', '2199-12-31'),
(26, 26, 'Xochitl', 'Martinez', 'femenino', 19, 70000024, 320026, 1, '1900-01-01', '2199-12-31'),
(27, 27, 'Ger', 'Martinez', 'masculino', 19, 70000025, 320027, 1, '1900-01-01', '2199-12-31'),
(28, 28, 'Yoss', 'Quispe', 'femenino', 15, 70000026, 320028, 1, '1900-01-01', '2199-12-31'),
(29, 29, 'Marienmi', 'Quispe', 'femenino', 24, 70000027, 320029, 1, '1900-01-01', '2199-12-31'),
(30, 30, 'Noemi', 'Quispe', 'femenino', 19, 70000028, 320030, 1, '1900-01-01', '2199-12-31'),
(31, 31, 'Anderson', 'Quispe', 'masculino', 21, 70000029, 320031, 1, '1900-01-01', '2199-12-31'),
(32, 32, 'Pedro', 'Quispe', 'masculino', 35, 70000030, 320032, 1, '1900-01-01', '2199-12-31'),
(33, 33, 'Reyna', 'Valero', 'femenino', 33, 70000031, 320033, 1, '1900-01-01', '2199-12-31'),
(34, 34, 'Jose', 'Martinez', 'masculino', 35, 70000032, 320034, 1, '1900-01-01', '2199-12-31'),
(35, 35, 'Jovita', 'Macedo', 'femenino', 33, 70000033, 320035, 1, '1900-01-01', '2199-12-31'),
(36, 36, 'Pepe', 'Martinez', 'masculino', 20, 70000034, 320036, 1, '1900-01-01', '2199-12-31'),
(37, 37, 'Paul', 'Quispe', 'masculino', 21, 70000035, 320037, 1, '1900-01-01', '2199-12-31'),
(38, 38, 'Xochitl', 'Martinez', 'femenino', 19, 70000036, 320038, 1, '1900-01-01', '2199-12-31'),
(39, 39, 'Ger', 'Martinez', 'masculino', 19, 70000037, 320039, 1, '1900-01-01', '2199-12-31'),
(40, 40, 'Yoss', 'Quispe', 'femenino', 15, 70000038, 320040, 1, '1900-01-01', '2199-12-31'),
(41, 41, 'Marienmi', 'Quispe', 'femenino', 24, 70000039, 320041, 1, '1900-01-01', '2199-12-31'),
(42, 42, 'Noemi', 'Quispe', 'femenino', 19, 70000040, 320042, 1, '1900-01-01', '2199-12-31'),
(43, 43, 'Anderson', 'Quispe', 'masculino', 21, 70000041, 320043, 1, '1900-01-01', '2199-12-31'),
(44, 44, 'Pedro', 'Quispe', 'masculino', 35, 70000042, 320044, 1, '1900-01-01', '2199-12-31'),
(45, 45, 'Reyna', 'Valero', 'femenino', 33, 70000043, 320045, 1, '1900-01-01', '2199-12-31'),
(46, 46, 'Jose', 'Martinez', 'masculino', 35, 70000044, 320046, 1, '1900-01-01', '2199-12-31'),
(47, 47, 'Jovita', 'Macedo', 'femenino', 33, 70000045, 320047, 1, '1900-01-01', '2199-12-31'),
(48, 48, 'Pepe', 'Martinez', 'masculino', 20, 70000046, 320048, 1, '1900-01-01', '2199-12-31'),
(49, 49, 'Paul', 'Quispe', 'masculino', 21, 70000047, 320049, 1, '1900-01-01', '2199-12-31'),
(50, 50, 'Xochitl', 'Martinez', 'femenino', 19, 70000048, 320050, 1, '1900-01-01', '2199-12-31'),
(51, 51, 'Ger', 'Martinez', 'masculino', 19, 70000049, 320051, 1, '1900-01-01', '2199-12-31'),
(52, 52, 'Yoss', 'Quispe', 'femenino', 15, 70000050, 320052, 1, '1900-01-01', '2199-12-31'),
(53, 53, 'Marienmi', 'Quispe', 'femenino', 24, 70000051, 320053, 1, '1900-01-01', '2199-12-31'),
(54, 54, 'Noemi', 'Quispe', 'femenino', 19, 70000052, 320054, 1, '1900-01-01', '2199-12-31'),
(55, 55, 'Anderson', 'Quispe', 'masculino', 21, 70000053, 320055, 1, '1900-01-01', '2199-12-31'),
(56, 56, 'Pedro', 'Quispe', 'masculino', 35, 70000054, 320056, 1, '1900-01-01', '2199-12-31'),
(57, 57, 'Reyna', 'Valero', 'femenino', 33, 70000055, 320057, 1, '1900-01-01', '2199-12-31'),
(58, 58, 'Jose', 'Martinez', 'masculino', 35, 70000056, 320058, 1, '1900-01-01', '2199-12-31'),
(59, 59, 'Jovita', 'Macedo', 'femenino', 33, 70000057, 320059, 1, '1900-01-01', '2199-12-31'),
(60, 60, 'Pepe', 'Martinez', 'masculino', 20, 70000058, 320060, 1, '1900-01-01', '2199-12-31'),
(61, 61, 'Paul', 'Quispe', 'masculino', 21, 70000059, 320061, 1, '1900-01-01', '2199-12-31'),
(62, 62, 'Xochitl', 'Martinez', 'femenino', 19, 70000060, 320062, 1, '1900-01-01', '2199-12-31'),
(63, 63, 'Ger', 'Martinez', 'masculino', 19, 70000061, 320063, 1, '1900-01-01', '2199-12-31'),
(64, 64, 'Yoss', 'Quispe', 'femenino', 15, 70000062, 320064, 1, '1900-01-01', '2199-12-31'),
(65, 65, 'Marienmi', 'Quispe', 'femenino', 24, 70000063, 320065, 1, '1900-01-01', '2199-12-31'),
(66, 66, 'Noemi', 'Quispe', 'femenino', 19, 70000064, 320066, 1, '1900-01-01', '2199-12-31'),
(67, 67, 'Anderson', 'Quispe', 'masculino', 21, 70000065, 320067, 1, '1900-01-01', '2199-12-31'),
(68, 68, 'Pedro', 'Quispe', 'masculino', 35, 70000066, 320068, 1, '1900-01-01', '2199-12-31'),
(69, 69, 'Reyna', 'Valero', 'femenino', 33, 70000067, 320069, 1, '1900-01-01', '2199-12-31'),
(70, 70, 'Jose', 'Martinez', 'masculino', 35, 70000068, 320070, 1, '1900-01-01', '2199-12-31'),
(71, 71, 'Jovita', 'Macedo', 'femenino', 33, 70000069, 320071, 1, '1900-01-01', '2199-12-31'),
(72, 72, 'Pepe', 'Martinez', 'masculino', 20, 70000070, 320072, 1, '1900-01-01', '2199-12-31'),
(73, 73, 'Paul', 'Quispe', 'masculino', 19, 70000071, 320073, 1, '1900-01-01', '2199-12-31'),
(74, 74, 'Xochitl', 'Martinez', 'femenino', 19, 70000072, 320074, 1, '1900-01-01', '2199-12-31'),
(75, 75, 'Ger', 'Martinez', 'masculino', 15, 70000073, 320075, 1, '1900-01-01', '2199-12-31'),
(76, 76, 'Yoss', 'Quispe', 'femenino', 24, 70000074, 320076, 1, '1900-01-01', '2199-12-31'),
(77, 77, 'Marienmi', 'Quispe', 'femenino', 19, 70000075, 320077, 1, '1900-01-01', '2199-12-31'),
(78, 78, 'Noemi', 'Quispe', 'femenino', 21, 70000076, 320078, 1, '1900-01-01', '2199-12-31'),
(79, 79, 'Anderson', 'Quispe', 'masculino', 35, 70000077, 320079, 1, '1900-01-01', '2199-12-31'),
(80, 80, 'Pedro', 'Quispe', 'masculino', 33, 70000078, 320080, 1, '1900-01-01', '2199-12-31'),
(81, 81, 'Reyna', 'Valero', 'femenino', 35, 70000079, 320081, 1, '1900-01-01', '2199-12-31'),
(82, 82, 'Jose', 'Martinez', 'masculino', 33, 70000080, 320082, 1, '1900-01-01', '2199-12-31'),
(83, 83, 'Jovita', 'Macedo', 'femenino', 20, 70000081, 320083, 1, '1900-01-01', '2199-12-31'),
(84, 84, 'Pepe', 'Martinez', 'masculino', 21, 70000082, 320084, 1, '1900-01-01', '2199-12-31'),
(85, 85, 'Paul', 'Quispe', 'masculino', 19, 70000083, 320085, 1, '1900-01-01', '2199-12-31'),
(86, 86, 'Xochitl', 'Martinez', 'femenino', 19, 70000084, 320086, 1, '1900-01-01', '2199-12-31'),
(87, 87, 'Ger', 'Martinez', 'masculino', 15, 70000085, 320087, 1, '1900-01-01', '2199-12-31'),
(88, 88, 'Yoss', 'Quispe', 'femenino', 24, 70000086, 320088, 1, '1900-01-01', '2199-12-31'),
(89, 89, 'Marienmi', 'Quispe', 'femenino', 19, 70000087, 320089, 1, '1900-01-01', '2199-12-31'),
(90, 90, 'Noemi', 'Quispe', 'femenino', 21, 70000088, 320090, 1, '1900-01-01', '2199-12-31'),
(91, 91, 'Anderson', 'Quispe', 'masculino', 35, 70000089, 320091, 1, '1900-01-01', '2199-12-31'),
(92, 92, 'Pedro', 'Quispe', 'masculino', 33, 70000090, 320092, 1, '1900-01-01', '2199-12-31'),
(93, 93, 'Reyna', 'Valero', 'femenino', 35, 70000091, 320093, 1, '1900-01-01', '2199-12-31'),
(94, 94, 'Jose', 'Martinez', 'masculino', 33, 70000092, 320094, 1, '1900-01-01', '2199-12-31'),
(95, 95, 'Jovita', 'Macedo', 'femenino', 20, 70000093, 320095, 1, '1900-01-01', '2199-12-31'),
(96, 96, 'Pepe', 'Martinez', 'masculino', 33, 70000094, 320096, 1, '1900-01-01', '2199-12-31'),
(97, 97, 'Paul', 'Quispe', 'masculino', 20, 70000095, 320097, 1, '1900-01-01', '2199-12-31'),
(98, 98, 'Xochitl', 'Martinez', 'femenino', 21, 70000096, 320098, 1, '1900-01-01', '2199-12-31'),
(99, 99, 'Ger', 'Martinez', 'masculino', 19, 70000097, 320099, 1, '1900-01-01', '2199-12-31'),
(100, 100, 'Yoss', 'Quispe', 'femenino', 19, 70000098, 320100, 1, '1900-01-01', '2199-12-31'),
(101, 101, 'Marienmi', 'Quispe', 'femenino', 15, 70000099, 320101, 1, '1900-01-01', '2199-12-31'),
(102, 102, 'Noemi', 'Quispe', 'femenino', 24, 70000100, 320102, 1, '1900-01-01', '2199-12-31'),
(103, 103, 'Anderson', 'Quispe', 'masculino', 19, 70000101, 320103, 1, '1900-01-01', '2199-12-31'),
(104, 104, 'Pedro', 'Quispe', 'masculino', 21, 70000102, 320104, 1, '1900-01-01', '2199-12-31'),
(105, 105, 'Reyna', 'Valero', 'femenino', 35, 70000103, 320105, 1, '1900-01-01', '2199-12-31'),
(106, 106, 'Jose', 'Martinez', 'masculino', 33, 70000104, 320106, 1, '1900-01-01', '2199-12-31'),
(107, 107, 'Jovita', 'Macedo', 'femenino', 35, 70000105, 320107, 1, '1900-01-01', '2199-12-31'),
(108, 108, 'Pepe', 'Martinez', 'masculino', 33, 70000106, 320108, 1, '1900-01-01', '2199-12-31'),
(109, 109, 'Paul', 'Quispe', 'masculino', 20, 70000107, 320109, 1, '1900-01-01', '2199-12-31'),
(110, 110, 'Xochitl', 'Martinez', 'femenino', 35, 70000108, 320110, 1, '1900-01-01', '2199-12-31'),
(111, 111, 'Ger', 'Martinez', 'masculino', 33, 70000109, 320111, 1, '1900-01-01', '2199-12-31'),
(112, 112, 'Yoss', 'Quispe', 'femenino', 35, 70000110, 320112, 1, '1900-01-01', '2199-12-31'),
(113, 113, 'Marienmi', 'Quispe', 'femenino', 33, 70000111, 320113, 1, '1900-01-01', '2199-12-31'),
(114, 114, 'Noemi', 'Quispe', 'femenino', 20, 70000112, 320114, 1, '1900-01-01', '2199-12-31'),
(115, 115, 'Anderson', 'Quispe', 'masculino', 21, 70000113, 320115, 1, '1900-01-01', '2199-12-31'),
(116, 116, 'Pedro', 'Quispe', 'masculino', 19, 70000114, 320116, 1, '1900-01-01', '2199-12-31'),
(117, 117, 'Reyna', 'Valero', 'femenino', 19, 70000115, 320117, 1, '1900-01-01', '2199-12-31'),
(118, 118, 'Jose', 'Martinez', 'masculino', 15, 70000116, 320118, 1, '1900-01-01', '2199-12-31'),
(119, 119, 'Jovita', 'Macedo', 'femenino', 24, 70000117, 320119, 1, '1900-01-01', '2199-12-31'),
(120, 120, 'Pepe', 'Martinez', 'masculino', 19, 70000118, 320120, 1, '1900-01-01', '2199-12-31'),
(121, 121, 'Paul', 'Quispe', 'masculino', 21, 70000119, 320121, 1, '1900-01-01', '2199-12-31'),
(122, 122, 'Xochitl', 'Martinez', 'femenino', 35, 70000120, 320122, 1, '1900-01-01', '2199-12-31'),
(123, 123, 'Ger', 'Martinez', 'masculino', 33, 70000121, 320123, 1, '1900-01-01', '2199-12-31'),
(124, 124, 'Yoss', 'Quispe', 'femenino', 35, 70000122, 320124, 1, '1900-01-01', '2199-12-31'),
(125, 125, 'Marienmi', 'Quispe', 'femenino', 33, 70000123, 320125, 1, '1900-01-01', '2199-12-31'),
(126, 126, 'Noemi', 'Quispe', 'femenino', 20, 70000124, 320126, 1, '1900-01-01', '2199-12-31'),
(127, 127, 'Anderson', 'Quispe', 'masculino', 35, 70000125, 320127, 1, '1900-01-01', '2199-12-31'),
(128, 128, 'Pedro', 'Quispe', 'masculino', 33, 70000126, 320128, 1, '1900-01-01', '2199-12-31'),
(129, 129, 'Reyna', 'Valero', 'femenino', 35, 70000127, 320129, 1, '1900-01-01', '2199-12-31'),
(130, 130, 'Jose', 'Martinez', 'masculino', 33, 70000128, 320130, 1, '1900-01-01', '2199-12-31'),
(131, 131, 'Jovita', 'Macedo', 'femenino', 20, 70000129, 320131, 1, '1900-01-01', '2199-12-31'),
(132, 132, 'Pepe', 'Martinez', 'masculino', 21, 70000130, 320132, 1, '1900-01-01', '2199-12-31'),
(133, 133, 'Paul', 'Quispe', 'masculino', 19, 70000131, 320133, 1, '1900-01-01', '2199-12-31'),
(134, 134, 'Xochitl', 'Martinez', 'femenino', 19, 70000132, 320134, 1, '1900-01-01', '2199-12-31'),
(135, 135, 'Ger', 'Martinez', 'masculino', 15, 70000133, 320135, 1, '1900-01-01', '2199-12-31'),
(136, 136, 'Yoss', 'Quispe', 'femenino', 24, 70000134, 320136, 1, '1900-01-01', '2199-12-31'),
(137, 137, 'Marienmi', 'Quispe', 'femenino', 19, 70000135, 320137, 1, '1900-01-01', '2199-12-31'),
(138, 138, 'Noemi', 'Quispe', 'femenino', 21, 70000136, 320138, 1, '1900-01-01', '2199-12-31'),
(139, 139, 'Anderson', 'Quispe', 'masculino', 35, 70000137, 320139, 1, '1900-01-01', '2199-12-31'),
(140, 140, 'Pedro', 'Quispe', 'masculino', 33, 70000138, 320140, 1, '1900-01-01', '2199-12-31'),
(141, 141, 'Reyna', 'Valero', 'femenino', 35, 70000139, 320141, 1, '1900-01-01', '2199-12-31'),
(142, 142, 'Jose', 'Martinez', 'masculino', 33, 70000140, 320142, 1, '1900-01-01', '2199-12-31'),
(143, 143, 'Jovita', 'Macedo', 'femenino', 20, 70000141, 320143, 1, '1900-01-01', '2199-12-31'),
(144, 144, 'Pepe', 'Martinez', 'masculino', 21, 70000142, 320144, 1, '1900-01-01', '2199-12-31'),
(145, 145, 'Paul', 'Quispe', 'masculino', 19, 70000143, 320145, 1, '1900-01-01', '2199-12-31'),
(146, 146, 'Xochitl', 'Martinez', 'femenino', 19, 70000144, 320146, 1, '1900-01-01', '2199-12-31'),
(147, 147, 'Ger', 'Martinez', 'masculino', 15, 70000145, 320147, 1, '1900-01-01', '2199-12-31'),
(148, 148, 'Yoss', 'Quispe', 'femenino', 24, 70000146, 320148, 1, '1900-01-01', '2199-12-31'),
(149, 149, 'Marienmi', 'Quispe', 'femenino', 19, 70000147, 320149, 1, '1900-01-01', '2199-12-31'),
(150, 150, 'Noemi', 'Quispe', 'femenino', 21, 70000148, 320150, 1, '1900-01-01', '2199-12-31'),
(151, 151, 'Anderson', 'Quispe', 'masculino', 35, 70000149, 320151, 1, '1900-01-01', '2199-12-31'),
(152, 152, 'Pedro', 'Quispe', 'masculino', 33, 70000150, 320152, 1, '1900-01-01', '2199-12-31'),
(153, 153, 'Reyna', 'Valero', 'femenino', 35, 70000151, 320153, 1, '1900-01-01', '2199-12-31'),
(154, 154, 'Jose', 'Martinez', 'masculino', 33, 70000152, 320154, 1, '1900-01-01', '2199-12-31'),
(155, 155, 'Jovita', 'Macedo', 'femenino', 20, 70000153, 320155, 1, '1900-01-01', '2199-12-31'),
(156, 156, 'Pepe', 'Martinez', 'masculino', 21, 70000154, 320156, 1, '1900-01-01', '2199-12-31'),
(157, 157, 'Paul', 'Quispe', 'masculino', 19, 70000155, 320157, 1, '1900-01-01', '2199-12-31'),
(158, 158, 'Xochitl', 'Martinez', 'femenino', 19, 70000156, 320158, 1, '1900-01-01', '2199-12-31'),
(159, 159, 'Ger', 'Martinez', 'masculino', 15, 70000157, 320159, 1, '1900-01-01', '2199-12-31'),
(160, 160, 'Yoss', 'Quispe', 'femenino', 24, 70000158, 320160, 1, '1900-01-01', '2199-12-31'),
(161, 161, 'Marienmi', 'Quispe', 'femenino', 19, 70000159, 320161, 1, '1900-01-01', '2199-12-31'),
(162, 162, 'Noemi', 'Quispe', 'femenino', 21, 70000160, 320162, 1, '1900-01-01', '2199-12-31'),
(163, 163, 'Anderson', 'Quispe', 'masculino', 35, 70000161, 320163, 1, '1900-01-01', '2199-12-31'),
(164, 164, 'Pedro', 'Quispe', 'masculino', 33, 70000162, 320164, 1, '1900-01-01', '2199-12-31'),
(165, 165, 'Reyna', 'Valero', 'femenino', 35, 70000163, 320165, 1, '1900-01-01', '2199-12-31'),
(166, 166, 'Jose', 'Martinez', 'masculino', 33, 70000164, 320166, 1, '1900-01-01', '2199-12-31'),
(167, 167, 'Jovita', 'Macedo', 'femenino', 20, 70000165, 320167, 1, '1900-01-01', '2199-12-31'),
(168, 168, 'Pepe', 'Martinez', 'masculino', 21, 70000166, 320168, 1, '1900-01-01', '2199-12-31'),
(169, 169, 'Paul', 'Quispe', 'masculino', 19, 70000167, 320169, 1, '1900-01-01', '2199-12-31'),
(170, 170, 'Xochitl', 'Martinez', 'femenino', 19, 70000168, 320170, 1, '1900-01-01', '2199-12-31'),
(171, 171, 'Ger', 'Martinez', 'masculino', 15, 70000169, 320171, 1, '1900-01-01', '2199-12-31'),
(172, 172, 'Yoss', 'Quispe', 'femenino', 24, 70000170, 320172, 1, '1900-01-01', '2199-12-31'),
(173, 173, 'Marienmi', 'Quispe', 'femenino', 19, 70000171, 320173, 1, '1900-01-01', '2199-12-31'),
(174, 174, 'Noemi', 'Quispe', 'femenino', 21, 70000172, 320174, 1, '1900-01-01', '2199-12-31'),
(175, 175, 'Anderson', 'Quispe', 'masculino', 35, 70000173, 320175, 1, '1900-01-01', '2199-12-31'),
(176, 176, 'Pedro', 'Quispe', 'masculino', 33, 70000174, 320176, 1, '1900-01-01', '2199-12-31'),
(177, 177, 'Reyna', 'Valero', 'femenino', 35, 70000175, 320177, 1, '1900-01-01', '2199-12-31'),
(178, 178, 'Jose', 'Martinez', 'masculino', 33, 70000176, 320178, 1, '1900-01-01', '2199-12-31'),
(179, 179, 'Jovita', 'Macedo', 'femenino', 20, 70000177, 320179, 1, '1900-01-01', '2199-12-31'),
(180, 180, 'Pepe', 'Martinez', 'masculino', 21, 70000178, 320180, 1, '1900-01-01', '2199-12-31'),
(181, 181, 'Paul', 'Quispe', 'masculino', 19, 70000179, 320181, 1, '1900-01-01', '2199-12-31'),
(182, 182, 'Xochitl', 'Martinez', 'femenino', 19, 70000180, 320182, 1, '1900-01-01', '2199-12-31'),
(183, 183, 'Ger', 'Martinez', 'masculino', 15, 70000181, 320183, 1, '1900-01-01', '2199-12-31'),
(184, 184, 'Yoss', 'Quispe', 'femenino', 24, 70000182, 320184, 1, '1900-01-01', '2199-12-31'),
(185, 185, 'Marienmi', 'Quispe', 'femenino', 19, 70000183, 320185, 1, '1900-01-01', '2199-12-31'),
(186, 186, 'Noemi', 'Quispe', 'femenino', 21, 70000184, 320186, 1, '1900-01-01', '2199-12-31'),
(187, 187, 'Anderson', 'Quispe', 'masculino', 35, 70000185, 320187, 1, '1900-01-01', '2199-12-31'),
(188, 188, 'Pedro', 'Quispe', 'masculino', 33, 70000186, 320188, 1, '1900-01-01', '2199-12-31'),
(189, 189, 'Reyna', 'Valero', 'femenino', 35, 70000187, 320189, 1, '1900-01-01', '2199-12-31'),
(190, 190, 'Jose', 'Martinez', 'masculino', 33, 70000188, 320190, 1, '1900-01-01', '2199-12-31'),
(191, 191, 'Jovita', 'Macedo', 'femenino', 20, 70000189, 320191, 1, '1900-01-01', '2199-12-31'),
(192, 192, 'Pepe', 'Martinez', 'masculino', 21, 70000190, 320192, 1, '1900-01-01', '2199-12-31'),
(193, 193, 'Paul', 'Quispe', 'masculino', 19, 70000191, 320193, 1, '1900-01-01', '2199-12-31'),
(194, 194, 'Xochitl', 'Martinez', 'femenino', 19, 70000192, 320194, 1, '1900-01-01', '2199-12-31'),
(195, 195, 'Ger', 'Martinez', 'masculino', 15, 70000193, 320195, 1, '1900-01-01', '2199-12-31'),
(196, 196, 'Yoss', 'Quispe', 'femenino', 24, 70000194, 320196, 1, '1900-01-01', '2199-12-31'),
(197, 197, 'Marienmi', 'Quispe', 'femenino', 19, 70000195, 320197, 1, '1900-01-01', '2199-12-31'),
(198, 198, 'Noemi', 'Quispe', 'femenino', 21, 70000196, 320198, 1, '1900-01-01', '2199-12-31'),
(199, 199, 'Anderson', 'Quispe', 'masculino', 35, 70000197, 320199, 1, '1900-01-01', '2199-12-31'),
(200, 200, 'Pedro', 'Quispe', 'masculino', 33, 70000198, 320200, 1, '1900-01-01', '2199-12-31');

-- --------------------------------------------------------

--
-- Estructura de tabla para la tabla `dim_consesionario`
--

CREATE TABLE IF NOT EXISTS `dim_consesionario` (
  `consesionario_key` bigint(20) NOT NULL,
  `id_consesionario` int(11) DEFAULT NULL,
  `nombre` varchar(100) DEFAULT NULL,
  `ciudad` varchar(100) DEFAULT NULL,
  `pais` varchar(100) DEFAULT NULL,
  `direccion` varchar(100) DEFAULT NULL,
  `version` int(11) DEFAULT NULL,
  `desde` date DEFAULT NULL,
  `hasta` date DEFAULT NULL,
  PRIMARY KEY (`consesionario_key`),
  KEY `id_consesionario` (`id_consesionario`)
) ENGINE=InnoDB DEFAULT CHARSET=latin1;

--
-- Volcado de datos para la tabla `dim_consesionario`
--

INSERT INTO `dim_consesionario` (`consesionario_key`, `id_consesionario`, `nombre`, `ciudad`, `pais`, `direccion`, `version`, `desde`, `hasta`) VALUES
(0, NULL, NULL, NULL, NULL, NULL, 1, NULL, NULL),
(1, 1, 'Toyota in Motors', 'Juliaca', 'Peru', 'Av. Girasoles 10023', 1, '1900-01-01', '2199-12-31'),
(2, 2, 'Medina', 'Juliaca', 'Peru', 'Jr. Montereal 20033', 1, '1900-01-01', '2199-12-31'),
(3, 3, 'San Roman', 'Arequipa', 'Peru', 'Av. Radales 1233', 1, '1900-01-01', '2199-12-31'),
(4, 4, 'Julie Consesionario', 'Lima', 'Peru', 'Av. Caimen 20002', 1, '1900-01-01', '2199-12-31'),
(5, 5, 'Ramba Motors', 'Arequipa', 'Peru', 'Jr. Caimnos del Inca 1002', 1, '1900-01-01', '2199-12-31'),
(6, 6, 'Raelfer', 'Juliaca', 'Peru', 'Av. Ribaagueros 2993', 1, '1900-01-01', '2199-12-31'),
(7, 7, 'Caiber International', 'Lima', 'Peru', 'Av. Argandoña 233', 1, '1900-01-01', '2199-12-31'),
(8, 8, 'Sainer Motors', 'Trujillo', 'Peru', 'Jr. Anlucia 100233', 1, '1900-01-01', '2199-12-31'),
(9, 9, 'Caribean Zeta', 'Puno', 'Peru', 'Av. Kantu 1092', 1, '1900-01-01', '2199-12-31'),
(10, 10, 'OLAP Motors', 'Puno', 'Peru', 'Jr. Lo Rosales 1002', 1, '1900-01-01', '2199-12-31');

-- --------------------------------------------------------

--
-- Estructura de tabla para la tabla `dim_fecha`
--

CREATE TABLE IF NOT EXISTS `dim_fecha` (
  `date_key` int(8) NOT NULL,
  `date_value` date NOT NULL,
  `date_short` char(12) NOT NULL,
  `date_medium` char(16) NOT NULL,
  `date_long` char(24) NOT NULL,
  `date_full` char(32) NOT NULL,
  `day_in_year` smallint(5) NOT NULL,
  `day_in_month` tinyint(3) NOT NULL,
  `is_first_day_in_month` char(10) NOT NULL,
  `is_last_day_in_month` char(10) NOT NULL,
  `day_abbreviation` char(3) NOT NULL,
  `day_name` char(12) NOT NULL,
  `week_in_year` tinyint(3) NOT NULL,
  `week_in_month` tinyint(3) NOT NULL,
  `is_first_day_in_week` char(10) NOT NULL,
  `is_last_day_in_week` char(10) NOT NULL,
  `month_number` tinyint(3) NOT NULL,
  `month_abbreviation` char(3) NOT NULL,
  `month_name` char(12) NOT NULL,
  `year2` char(2) NOT NULL,
  `year4` smallint(5) NOT NULL,
  `quarter_name` char(2) NOT NULL,
  `quarter_number` tinyint(3) NOT NULL,
  `year_quarter` char(7) NOT NULL,
  `year_month_number` char(7) NOT NULL,
  `year_month_abbreviation` char(8) NOT NULL,
  PRIMARY KEY (`date_key`),
  UNIQUE KEY `date` (`date_value`) USING BTREE,
  UNIQUE KEY `date_value` (`date_value`)
) ENGINE=MyISAM DEFAULT CHARSET=latin1;

-- --------------------------------------------------------

--
-- Estructura de tabla para la tabla `dim_hora`
--

CREATE TABLE IF NOT EXISTS `dim_hora` (
  `time_key` int(8) NOT NULL,
  `time_value` time NOT NULL,
  `hours24` tinyint(3) NOT NULL,
  `hours12` tinyint(3) DEFAULT NULL,
  `minutes` tinyint(3) DEFAULT NULL,
  `seconds` tinyint(3) DEFAULT NULL,
  `am_pm` char(3) DEFAULT NULL,
  PRIMARY KEY (`time_key`),
  UNIQUE KEY `time_value` (`time_value`)
) ENGINE=MyISAM DEFAULT CHARSET=latin1;

-- --------------------------------------------------------

--
-- Estructura de tabla para la tabla `dim_vendedor`
--

CREATE TABLE IF NOT EXISTS `dim_vendedor` (
  `vendedor_key` bigint(20) NOT NULL,
  `id_vendedor` int(11) DEFAULT NULL,
  `nombre` varchar(50) DEFAULT NULL,
  `apellido` varchar(50) DEFAULT NULL,
  `edad` int(11) DEFAULT NULL,
  `sexo` varchar(10) DEFAULT NULL,
  `telefono` varchar(10) DEFAULT NULL,
  `dni` varchar(10) DEFAULT NULL,
  `version` int(11) DEFAULT NULL,
  `desde` date DEFAULT NULL,
  `hasta` date DEFAULT NULL,
  PRIMARY KEY (`vendedor_key`),
  KEY `id_vendedor` (`id_vendedor`)
) ENGINE=InnoDB DEFAULT CHARSET=latin1;

--
-- Volcado de datos para la tabla `dim_vendedor`
--

INSERT INTO `dim_vendedor` (`vendedor_key`, `id_vendedor`, `nombre`, `apellido`, `edad`, `sexo`, `telefono`, `dni`, `version`, `desde`, `hasta`) VALUES
(0, NULL, NULL, NULL, NULL, NULL, NULL, NULL, 1, NULL, NULL),
(1, 1, 'Roman', 'Marienes', 21, 'femenino', '321000', '70000998', 1, '1900-01-01', '2199-12-31'),
(2, 2, 'Carl', 'Yoshida', 21, 'masculino', '321001', '70000999', 1, '1900-01-01', '2199-12-31'),
(3, 3, 'Shone', 'Sam', 21, 'femenino', '321002', '70001000', 1, '1900-01-01', '2199-12-31'),
(4, 4, 'Arie', 'Riot', 21, 'femenino', '321003', '70001001', 1, '1900-01-01', '2199-12-31'),
(5, 5, 'Yoe', 'Jagers', 21, 'masculino', '321004', '70001002', 1, '1900-01-01', '2199-12-31'),
(6, 6, 'Rihana', 'Saitama', 21, 'femenino', '321005', '70001003', 1, '1900-01-01', '2199-12-31'),
(7, 7, 'Jovi', 'Bonn', 21, 'masculino', '321006', '70001004', 1, '1900-01-01', '2199-12-31'),
(8, 8, 'Sans', 'Marquez', 21, 'masculino', '321007', '70001005', 1, '1900-01-01', '2199-12-31'),
(9, 9, 'Silvester', 'Stalone', 21, 'masculino', '321008', '70001006', 1, '1900-01-01', '2199-12-31'),
(10, 10, 'Soli', 'Sia', 21, 'femenino', '321009', '70001007', 1, '1900-01-01', '2199-12-31'),
(11, 11, 'Carin', 'Ranma', 21, 'masculino', '321010', '70001008', 1, '1900-01-01', '2199-12-31'),
(12, 12, 'Shin', 'Chan', 22, 'masculino', '321011', '70001009', 1, '1900-01-01', '2199-12-31'),
(13, 13, 'Trunks', 'Noner', 22, 'masculino', '321012', '70001010', 1, '1900-01-01', '2199-12-31'),
(14, 14, 'Roman', 'Marienes', 22, 'femenino', '321013', '70001011', 1, '1900-01-01', '2199-12-31'),
(15, 15, 'Carl', 'Yoshida', 22, 'masculino', '321014', '70001012', 1, '1900-01-01', '2199-12-31'),
(16, 16, 'Shone', 'Sam', 22, 'femenino', '321015', '70001013', 1, '1900-01-01', '2199-12-31'),
(17, 17, 'Arie', 'Riot', 22, 'femenino', '321016', '70001014', 1, '1900-01-01', '2199-12-31'),
(18, 18, 'Yoe', 'Jagers', 22, 'masculino', '321017', '70001015', 1, '1900-01-01', '2199-12-31'),
(19, 19, 'Rihana', 'Saitama', 22, 'femenino', '321018', '70001016', 1, '1900-01-01', '2199-12-31'),
(20, 20, 'Jovi', 'Bonn', 22, 'masculino', '321019', '70001017', 1, '1900-01-01', '2199-12-31'),
(21, 21, 'Sans', 'Marquez', 22, 'masculino', '321020', '70001018', 1, '1900-01-01', '2199-12-31'),
(22, 22, 'Silvester', 'Stalone', 22, 'masculino', '321021', '70001019', 1, '1900-01-01', '2199-12-31'),
(23, 23, 'Soli', 'Sia', 22, 'femenino', '321022', '70001020', 1, '1900-01-01', '2199-12-31'),
(24, 24, 'Carin', 'Ranma', 22, 'masculino', '321023', '70001021', 1, '1900-01-01', '2199-12-31'),
(25, 25, 'Shin', 'Chan', 22, 'masculino', '321024', '70001022', 1, '1900-01-01', '2199-12-31'),
(26, 26, 'Trunks', 'Noner', 22, 'masculino', '321025', '70001023', 1, '1900-01-01', '2199-12-31'),
(27, 27, 'Roman', 'Marienes', 25, 'femenino', '321026', '70001024', 1, '1900-01-01', '2199-12-31'),
(28, 28, 'Carl', 'Yoshida', 25, 'masculino', '321027', '70001025', 1, '1900-01-01', '2199-12-31'),
(29, 29, 'Shone', 'Sam', 25, 'femenino', '321028', '70001026', 1, '1900-01-01', '2199-12-31'),
(30, 30, 'Arie', 'Riot', 25, 'femenino', '321029', '70001027', 1, '1900-01-01', '2199-12-31'),
(31, 31, 'Yoe', 'Jagers', 25, 'masculino', '321030', '70001028', 1, '1900-01-01', '2199-12-31'),
(32, 32, 'Rihana', 'Saitama', 25, 'femenino', '321031', '70001029', 1, '1900-01-01', '2199-12-31'),
(33, 33, 'Jovi', 'Bonn', 25, 'masculino', '321032', '70001030', 1, '1900-01-01', '2199-12-31'),
(34, 34, 'Sans', 'Marquez', 25, 'masculino', '321033', '70001031', 1, '1900-01-01', '2199-12-31'),
(35, 35, 'Silvester', 'Stalone', 25, 'masculino', '321034', '70001032', 1, '1900-01-01', '2199-12-31'),
(36, 36, 'Soli', 'Sia', 25, 'femenino', '321035', '70001033', 1, '1900-01-01', '2199-12-31'),
(37, 37, 'Carin', 'Ranma', 25, 'masculino', '321036', '70001034', 1, '1900-01-01', '2199-12-31'),
(38, 38, 'Shin', 'Chan', 25, 'masculino', '321037', '70001035', 1, '1900-01-01', '2199-12-31'),
(39, 39, 'Trunks', 'Noner', 28, 'masculino', '321038', '70001036', 1, '1900-01-01', '2199-12-31'),
(40, 40, 'Roman', 'Marienes', 28, 'femenino', '321039', '70001037', 1, '1900-01-01', '2199-12-31'),
(41, 41, 'Carl', 'Yoshida', 28, 'masculino', '321040', '70001038', 1, '1900-01-01', '2199-12-31'),
(42, 42, 'Shone', 'Sam', 28, 'femenino', '321041', '70001039', 1, '1900-01-01', '2199-12-31'),
(43, 43, 'Arie', 'Riot', 28, 'femenino', '321042', '70001040', 1, '1900-01-01', '2199-12-31'),
(44, 44, 'Yoe', 'Jagers', 28, 'masculino', '321043', '70001041', 1, '1900-01-01', '2199-12-31'),
(45, 45, 'Rihana', 'Saitama', 28, 'femenino', '321044', '70001042', 1, '1900-01-01', '2199-12-31'),
(46, 46, 'Jovi', 'Bonn', 28, 'masculino', '321045', '70001043', 1, '1900-01-01', '2199-12-31'),
(47, 47, 'Sans', 'Marquez', 28, 'masculino', '321046', '70001044', 1, '1900-01-01', '2199-12-31'),
(48, 48, 'Silvester', 'Stalone', 28, 'masculino', '321047', '70001045', 1, '1900-01-01', '2199-12-31'),
(49, 49, 'Soli', 'Sia', 28, 'femenino', '321048', '70001046', 1, '1900-01-01', '2199-12-31'),
(50, 50, 'Carin', 'Ranma', 28, 'masculino', '321049', '70001047', 1, '1900-01-01', '2199-12-31');

-- --------------------------------------------------------

--
-- Estructura de tabla para la tabla `fac_ventas`
--

CREATE TABLE IF NOT EXISTS `fac_ventas` (
  `fecha_venta_key` int(11) DEFAULT NULL,
  `cliente_key` bigint(20) DEFAULT NULL,
  `vendedor_key` bigint(20) DEFAULT NULL,
  `carro_key` bigint(20) DEFAULT NULL,
  `consesionario_key` bigint(20) DEFAULT NULL,
  `fecha_ventai` datetime DEFAULT NULL,
  `hora_ventai` datetime DEFAULT NULL,
  `id_venta` int(11) DEFAULT NULL,
  `id_vendedor` int(11) DEFAULT NULL,
  `id_cliente` int(11) DEFAULT NULL,
  `id_carro` int(11) DEFAULT NULL,
  `id_consesionario` int(11) DEFAULT NULL,
  `fecha_venta` datetime DEFAULT NULL,
  `cantida_ventais` bigint(20) DEFAULT NULL,
  KEY `dim_fecha_venta_key` (`fecha_venta_key`),
  KEY `dim_carro_key` (`carro_key`),
  KEY `dim_cliente_key` (`cliente_key`),
  KEY `dim_vendedor_key` (`vendedor_key`),
  KEY `dim_consesionario_key` (`consesionario_key`)
) ENGINE=InnoDB DEFAULT CHARSET=latin1;

--
-- Volcado de datos para la tabla `fac_ventas`
--

INSERT INTO `fac_ventas` (`fecha_venta_key`, `cliente_key`, `vendedor_key`, `carro_key`, `consesionario_key`, `fecha_ventai`, `hora_ventai`, `id_venta`, `id_vendedor`, `id_cliente`, `id_carro`, `id_consesionario`, `fecha_venta`, `cantida_ventais`) VALUES
(0, 1, 11, 200, 1, '2002-02-14 00:00:00', '0069-12-01 00:00:00', 1, 11, 1, 200, 1, '2002-02-14 00:00:00', 1),
(0, 4, 23, 210, 1, '2012-02-14 00:00:00', '0069-12-01 00:00:00', 11, 23, 4, 210, 1, '2012-02-14 00:00:00', 1),
(0, 5, 46, 235, 1, '2009-03-14 00:00:00', '0069-12-01 00:00:00', 36, 46, 5, 235, 1, '2009-03-14 00:00:00', 1),
(0, 11, 44, 246, 1, '2019-03-15 00:00:00', '0069-12-01 00:00:00', 47, 44, 11, 246, 1, '2019-03-15 00:00:00', 1),
(0, 24, 47, 259, 1, '2001-04-15 00:00:00', '0069-12-01 00:00:00', 60, 47, 24, 259, 1, '2001-04-15 00:00:00', 1),
(0, 39, 34, 274, 1, '2016-04-15 00:00:00', '0069-12-01 00:00:00', 75, 34, 39, 274, 1, '2016-04-15 00:00:00', 1),
(0, 54, 32, 289, 1, '2001-05-15 00:00:00', '0069-12-01 00:00:00', 90, 32, 54, 289, 1, '2001-05-15 00:00:00', 1),
(0, 59, 37, 294, 1, '2006-05-15 00:00:00', '0069-12-01 00:00:00', 95, 37, 59, 294, 1, '2006-05-15 00:00:00', 1),
(0, 2, 2, 201, 2, '2003-02-14 00:00:00', '0069-12-01 00:00:00', 2, 2, 2, 201, 2, '2003-02-14 00:00:00', 1),
(0, 3, 13, 211, 2, '2013-02-14 00:00:00', '0069-12-01 00:00:00', 12, 13, 3, 211, 2, '2013-02-14 00:00:00', 1),
(0, 1, 47, 236, 2, '2010-03-14 00:00:00', '0069-12-01 00:00:00', 37, 47, 1, 236, 2, '2010-03-14 00:00:00', 1),
(0, 12, 45, 247, 2, '2020-03-15 00:00:00', '0069-12-01 00:00:00', 48, 45, 12, 247, 2, '2020-03-15 00:00:00', 1),
(0, 25, 20, 260, 2, '2002-04-15 00:00:00', '0069-12-01 00:00:00', 61, 20, 25, 260, 2, '2002-04-15 00:00:00', 1),
(0, 40, 35, 275, 2, '2017-04-15 00:00:00', '0069-12-01 00:00:00', 76, 35, 40, 275, 2, '2017-04-15 00:00:00', 1),
(0, 55, 33, 290, 2, '2002-05-15 00:00:00', '0069-12-01 00:00:00', 91, 33, 55, 290, 2, '2002-05-15 00:00:00', 1),
(0, 60, 1, 295, 2, '2007-05-15 00:00:00', '0069-12-01 00:00:00', 96, 1, 60, 295, 2, '2007-05-15 00:00:00', 1),
(0, 2, 2, 202, 3, '2004-02-14 00:00:00', '0069-12-01 00:00:00', 3, 2, 2, 202, 3, '2004-02-14 00:00:00', 1),
(0, 23, 1, 212, 3, '2014-02-14 00:00:00', '0069-12-01 00:00:00', 13, 1, 23, 212, 3, '2014-02-14 00:00:00', 1),
(0, 2, 48, 237, 3, '2011-03-14 00:00:00', '0069-12-01 00:00:00', 38, 48, 2, 237, 3, '2011-03-14 00:00:00', 1),
(0, 13, 46, 248, 3, '2021-03-15 00:00:00', '0069-12-01 00:00:00', 49, 46, 13, 248, 3, '2021-03-15 00:00:00', 1),
(0, 26, 21, 261, 3, '2003-04-15 00:00:00', '0069-12-01 00:00:00', 62, 21, 26, 261, 3, '2003-04-15 00:00:00', 1),
(0, 41, 36, 276, 3, '2018-04-15 00:00:00', '0069-12-01 00:00:00', 77, 36, 41, 276, 3, '2018-04-15 00:00:00', 1),
(0, 56, 34, 291, 3, '2003-05-15 00:00:00', '0069-12-01 00:00:00', 92, 34, 56, 291, 3, '2003-05-15 00:00:00', 1),
(0, 61, 2, 296, 3, '2008-05-15 00:00:00', '0069-12-01 00:00:00', 97, 2, 61, 296, 3, '2008-05-15 00:00:00', 1),
(0, 3, 10, 199, 3, '2001-02-14 00:00:00', '0069-12-01 00:00:00', 100000, 10, 3, 199, 3, '2001-02-14 00:00:00', 1),
(0, 3, 13, 203, 4, '2005-02-14 00:00:00', '0069-12-01 00:00:00', 4, 13, 3, 203, 4, '2005-02-14 00:00:00', 1),
(0, 6, 1, 213, 4, '2015-02-14 00:00:00', '0069-12-01 00:00:00', 14, 1, 6, 213, 4, '2015-02-14 00:00:00', 1),
(0, 4, 2, 228, 4, '2002-03-14 00:00:00', '0069-12-01 00:00:00', 29, 2, 4, 228, 4, '2002-03-14 00:00:00', 1),
(0, 3, 49, 238, 4, '2012-03-14 00:00:00', '0069-12-01 00:00:00', 39, 49, 3, 238, 4, '2012-03-14 00:00:00', 1),
(0, 14, 47, 249, 4, '2022-03-15 00:00:00', '0069-12-01 00:00:00', 50, 47, 14, 249, 4, '2022-03-15 00:00:00', 1),
(0, 27, 22, 262, 4, '2004-04-15 00:00:00', '0069-12-01 00:00:00', 63, 22, 27, 262, 4, '2004-04-15 00:00:00', 1),
(0, 42, 20, 277, 4, '2019-04-15 00:00:00', '0069-12-01 00:00:00', 78, 20, 42, 277, 4, '2019-04-15 00:00:00', 1),
(0, 57, 35, 292, 4, '2004-05-15 00:00:00', '0069-12-01 00:00:00', 93, 35, 57, 292, 4, '2004-05-15 00:00:00', 1),
(0, 62, 3, 297, 4, '2009-05-15 00:00:00', '0069-12-01 00:00:00', 98, 3, 62, 297, 4, '2009-05-15 00:00:00', 1),
(0, 3, 12, 204, 5, '2006-02-14 00:00:00', '0069-12-01 00:00:00', 5, 12, 3, 204, 5, '2006-02-14 00:00:00', 1),
(0, 23, 32, 214, 5, '2016-02-14 00:00:00', '0069-12-01 00:00:00', 15, 32, 23, 214, 5, '2016-02-14 00:00:00', 1),
(0, 3, 40, 229, 5, '2003-03-14 00:00:00', '0069-12-01 00:00:00', 30, 40, 3, 229, 5, '2003-03-14 00:00:00', 1),
(0, 4, 50, 239, 5, '2013-03-14 00:00:00', '0069-12-01 00:00:00', 40, 50, 4, 239, 5, '2013-03-14 00:00:00', 1),
(0, 15, 9, 250, 5, '2023-03-15 00:00:00', '0069-12-01 00:00:00', 51, 9, 15, 250, 5, '2023-03-15 00:00:00', 1),
(0, 28, 23, 263, 5, '2005-04-15 00:00:00', '0069-12-01 00:00:00', 64, 23, 28, 263, 5, '2005-04-15 00:00:00', 1),
(0, 43, 21, 278, 5, '2020-04-15 00:00:00', '0069-12-01 00:00:00', 79, 21, 43, 278, 5, '2020-04-15 00:00:00', 1),
(0, 58, 36, 293, 5, '2005-05-15 00:00:00', '0069-12-01 00:00:00', 94, 36, 58, 293, 5, '2005-05-15 00:00:00', 1),
(0, 63, 3, 298, 5, '2010-05-15 00:00:00', '0069-12-01 00:00:00', 99, 3, 63, 298, 5, '2010-05-15 00:00:00', 1),
(0, 1, 1, 205, 6, '2007-02-14 00:00:00', '0069-12-01 00:00:00', 6, 1, 1, 205, 6, '2007-02-14 00:00:00', 1),
(0, 5, 25, 215, 6, '2017-02-14 00:00:00', '0069-12-01 00:00:00', 16, 25, 5, 215, 6, '2017-02-14 00:00:00', 1),
(0, 23, 41, 230, 6, '2004-03-14 00:00:00', '0069-12-01 00:00:00', 31, 41, 23, 230, 6, '2004-03-14 00:00:00', 1),
(0, 5, 2, 240, 6, '2014-03-14 00:00:00', '0069-12-01 00:00:00', 41, 2, 5, 240, 6, '2014-03-14 00:00:00', 1),
(0, 16, 8, 251, 6, '2024-03-15 00:00:00', '0069-12-01 00:00:00', 52, 8, 16, 251, 6, '2024-03-15 00:00:00', 1),
(0, 29, 24, 264, 6, '2006-04-15 00:00:00', '0069-12-01 00:00:00', 65, 24, 29, 264, 6, '2006-04-15 00:00:00', 1),
(0, 44, 22, 279, 6, '2021-04-15 00:00:00', '0069-12-01 00:00:00', 80, 22, 44, 279, 6, '2021-04-15 00:00:00', 1),
(0, 49, 27, 284, 6, '2026-04-15 00:00:00', '0069-12-01 00:00:00', 85, 27, 49, 284, 6, '2026-04-15 00:00:00', 1),
(0, 64, 4, 299, 6, '2011-05-15 00:00:00', '0069-12-01 00:00:00', 100, 4, 64, 299, 6, '2011-05-15 00:00:00', 1),
(0, 3, 2, 206, 7, '2008-02-14 00:00:00', '0069-12-01 00:00:00', 7, 2, 3, 206, 7, '2008-02-14 00:00:00', 1),
(0, 34, 32, 216, 7, '2018-02-14 00:00:00', '0069-12-01 00:00:00', 17, 32, 34, 216, 7, '2018-02-14 00:00:00', 1),
(0, 2, 2, 220, 7, '2022-02-14 00:00:00', '0069-12-01 00:00:00', 21, 2, 2, 220, 7, '2022-02-14 00:00:00', 1),
(0, 3, 6, 224, 7, '2026-02-14 00:00:00', '0069-12-01 00:00:00', 25, 6, 3, 224, 7, '2026-02-14 00:00:00', 1),
(0, 6, 42, 231, 7, '2005-03-14 00:00:00', '0069-12-01 00:00:00', 32, 42, 6, 231, 7, '2005-03-14 00:00:00', 1),
(0, 6, 43, 241, 7, '2015-03-14 00:00:00', '0069-12-01 00:00:00', 42, 43, 6, 241, 7, '2015-03-14 00:00:00', 1),
(0, 17, 5, 252, 7, '2025-03-15 00:00:00', '0069-12-01 00:00:00', 53, 5, 17, 252, 7, '2025-03-15 00:00:00', 1),
(0, 30, 25, 265, 7, '2007-04-15 00:00:00', '0069-12-01 00:00:00', 66, 25, 30, 265, 7, '2007-04-15 00:00:00', 1),
(0, 35, 30, 270, 7, '2012-04-15 00:00:00', '0069-12-01 00:00:00', 71, 30, 35, 270, 7, '2012-04-15 00:00:00', 1),
(0, 45, 23, 280, 7, '2022-04-15 00:00:00', '0069-12-01 00:00:00', 81, 23, 45, 280, 7, '2022-04-15 00:00:00', 1),
(0, 50, 28, 285, 7, '2027-04-15 00:00:00', '0069-12-01 00:00:00', 86, 28, 50, 285, 7, '2027-04-15 00:00:00', 1),
(0, 4, 12, 207, 8, '2009-02-14 00:00:00', '0069-12-01 00:00:00', 8, 12, 4, 207, 8, '2009-02-14 00:00:00', 1),
(0, 5, 2, 217, 8, '2019-02-14 00:00:00', '0069-12-01 00:00:00', 18, 2, 5, 217, 8, '2019-02-14 00:00:00', 1),
(0, 3, 3, 221, 8, '2023-02-14 00:00:00', '0069-12-01 00:00:00', 22, 3, 3, 221, 8, '2023-02-14 00:00:00', 1),
(0, 4, 7, 225, 8, '2027-02-14 00:00:00', '0069-12-01 00:00:00', 26, 7, 4, 225, 8, '2027-02-14 00:00:00', 1),
(0, 23, 43, 232, 8, '2006-03-14 00:00:00', '0069-12-01 00:00:00', 33, 43, 23, 232, 8, '2006-03-14 00:00:00', 1),
(0, 7, 44, 242, 8, '2016-03-14 00:00:00', '0069-12-01 00:00:00', 43, 44, 7, 242, 8, '2016-03-14 00:00:00', 1),
(0, 18, 5, 253, 8, '2026-03-15 00:00:00', '0069-12-01 00:00:00', 54, 5, 18, 253, 8, '2026-03-15 00:00:00', 1),
(0, 21, 44, 256, 8, '2029-03-15 00:00:00', '0069-12-01 00:00:00', 57, 44, 21, 256, 8, '2029-03-15 00:00:00', 1),
(0, 31, 26, 266, 8, '2008-04-15 00:00:00', '0069-12-01 00:00:00', 67, 26, 31, 266, 8, '2008-04-15 00:00:00', 1),
(0, 36, 31, 271, 8, '2013-04-15 00:00:00', '0069-12-01 00:00:00', 72, 31, 36, 271, 8, '2013-04-15 00:00:00', 1),
(0, 46, 24, 281, 8, '2023-04-15 00:00:00', '0069-12-01 00:00:00', 82, 24, 46, 281, 8, '2023-04-15 00:00:00', 1),
(0, 51, 29, 286, 8, '2028-04-15 00:00:00', '0069-12-01 00:00:00', 87, 29, 51, 286, 8, '2028-04-15 00:00:00', 1),
(0, 3, 1, 208, 9, '2010-02-14 00:00:00', '0069-12-01 00:00:00', 9, 1, 3, 208, 9, '2010-02-14 00:00:00', 1),
(0, 1, 2, 218, 9, '2020-02-14 00:00:00', '0069-12-01 00:00:00', 19, 2, 1, 218, 9, '2020-02-14 00:00:00', 1),
(0, 3, 4, 222, 9, '2024-02-14 00:00:00', '0069-12-01 00:00:00', 23, 4, 3, 222, 9, '2024-02-14 00:00:00', 1),
(0, 3, 8, 226, 9, '2028-02-14 00:00:00', '0069-12-01 00:00:00', 27, 8, 3, 226, 9, '2028-02-14 00:00:00', 1),
(0, 5, 44, 233, 9, '2007-03-14 00:00:00', '0069-12-01 00:00:00', 34, 44, 5, 233, 9, '2007-03-14 00:00:00', 1),
(0, 8, 45, 243, 9, '2017-03-14 00:00:00', '0069-12-01 00:00:00', 44, 45, 8, 243, 9, '2017-03-14 00:00:00', 1),
(0, 10, 47, 245, 9, '2018-03-15 00:00:00', '0069-12-01 00:00:00', 46, 47, 10, 245, 9, '2018-03-15 00:00:00', 1),
(0, 19, 22, 254, 9, '2027-03-15 00:00:00', '0069-12-01 00:00:00', 55, 22, 19, 254, 9, '2027-03-15 00:00:00', 1),
(0, 22, 45, 257, 9, '2030-03-15 00:00:00', '0069-12-01 00:00:00', 58, 45, 22, 257, 9, '2030-03-15 00:00:00', 1),
(0, 32, 27, 267, 9, '2009-04-15 00:00:00', '0069-12-01 00:00:00', 68, 27, 32, 267, 9, '2009-04-15 00:00:00', 1),
(0, 37, 32, 272, 9, '2014-04-15 00:00:00', '0069-12-01 00:00:00', 73, 32, 37, 272, 9, '2014-04-15 00:00:00', 1),
(0, 47, 25, 282, 9, '2024-04-15 00:00:00', '0069-12-01 00:00:00', 83, 25, 47, 282, 9, '2024-04-15 00:00:00', 1),
(0, 52, 30, 287, 9, '2029-04-15 00:00:00', '0069-12-01 00:00:00', 88, 30, 52, 287, 9, '2029-04-15 00:00:00', 1),
(0, 23, 3, 209, 10, '2011-02-14 00:00:00', '0069-12-01 00:00:00', 10, 3, 23, 209, 10, '2011-02-14 00:00:00', 1),
(0, 2, 1, 219, 10, '2021-02-14 00:00:00', '0069-12-01 00:00:00', 20, 1, 2, 219, 10, '2021-02-14 00:00:00', 1),
(0, 1, 5, 223, 10, '2025-02-14 00:00:00', '0069-12-01 00:00:00', 24, 5, 1, 223, 10, '2025-02-14 00:00:00', 1),
(0, 23, 9, 227, 10, '2001-03-14 00:00:00', '0069-12-01 00:00:00', 28, 9, 23, 227, 10, '2001-03-14 00:00:00', 1),
(0, 34, 45, 234, 10, '2008-03-14 00:00:00', '0069-12-01 00:00:00', 35, 45, 34, 234, 10, '2008-03-14 00:00:00', 1),
(0, 9, 46, 244, 10, '2018-03-14 00:00:00', '0069-12-01 00:00:00', 45, 46, 9, 244, 10, '2018-03-14 00:00:00', 1),
(0, 20, 5, 255, 10, '2028-03-15 00:00:00', '0069-12-01 00:00:00', 56, 5, 20, 255, 10, '2028-03-15 00:00:00', 1),
(0, 23, 46, 258, 10, '2031-03-15 00:00:00', '0069-12-01 00:00:00', 59, 46, 23, 258, 10, '2031-03-15 00:00:00', 1),
(0, 33, 28, 268, 10, '2010-04-15 00:00:00', '0069-12-01 00:00:00', 69, 28, 33, 268, 10, '2010-04-15 00:00:00', 1),
(0, 34, 29, 269, 10, '2011-04-15 00:00:00', '0069-12-01 00:00:00', 70, 29, 34, 269, 10, '2011-04-15 00:00:00', 1),
(0, 38, 33, 273, 10, '2015-04-15 00:00:00', '0069-12-01 00:00:00', 74, 33, 38, 273, 10, '2015-04-15 00:00:00', 1),
(0, 48, 26, 283, 10, '2025-04-15 00:00:00', '0069-12-01 00:00:00', 84, 26, 48, 283, 10, '2025-04-15 00:00:00', 1),
(0, 53, 31, 288, 10, '2030-04-15 00:00:00', '0069-12-01 00:00:00', 89, 31, 53, 288, 10, '2030-04-15 00:00:00', 1);

/*!40101 SET CHARACTER_SET_CLIENT=@OLD_CHARACTER_SET_CLIENT */;
/*!40101 SET CHARACTER_SET_RESULTS=@OLD_CHARACTER_SET_RESULTS */;
/*!40101 SET COLLATION_CONNECTION=@OLD_COLLATION_CONNECTION */;
